latitude,longitude,frp,bright_ti4,ts
-6.10059,105.42527,21.05,341.29,2026-08-29 12:38
-6.104,105.4228,15.43,346.82,2026-08-29 13:59
-6.09983,105.42216,15.43,342.91,2026-08-29 13:59
-6.10265,105.42255,9.48,349.79,2026-08-29 14:20
-6.10163,105.42816,9.48,335.2,2026-08-29 14:20
-6.10439,105.42026,18.49,367.0,2026-08-30 00:28
-6.10361,105.42156,15.95,367.0,2026-08-30 00:28
-6.10328,105.42178,26.42,350.06,2026-08-30 01:04
-6.10084,105.42435,2.44,328.59,2026-08-30 01:21
-6.10029,105.42089,2.44,330.98,2026-08-30 01:21
-6.10543,105.41888,4.04,306.12,2026-08-30 02:08
-6.10615,105.42439,4.04,339.51,2026-08-30 02:08
-6.10066,105.41894,9.37,330.44,2026-08-30 13:03
-6.10011,105.42281,9.37,347.7,2026-08-30 13:03
-6.09543,105.4258,17.12,331.91,2026-08-30 13:05
-6.09595,105.4221,9.37,332.56,2026-08-30 13:05
-6.09536,105.422,9.49,330.12,2026-08-30 13:59
-6.1047,105.42319,17.1,343.44,2026-08-30 13:59
-6.10396,105.42338,6.59,333.24,2026-08-31 00:45
-6.10299,105.41811,6.59,338.34,2026-08-31 00:45
-6.10114,105.42473,5.4,313.46,2026-08-31 00:45
-6.10027,105.41981,10.53,348.26,2026-08-31 00:45
-6.10086,105.42403,1.66,305.62,2026-08-31 01:04
-6.10025,105.42046,1.77,306.75,2026-08-31 01:04
-6.0992,105.42117,27.59,340.06,2026-08-31 12:46
-6.10495,105.42213,27.59,367.0,2026-08-31 12:46
-6.09852,105.42091,10.2,367.0,2026-09-01 00:45
-6.09919,105.42473,10.2,307.49,2026-09-01 00:45
-6.10521,105.42267,3.34,350.74,2026-09-01 02:06
-6.10571,105.42625,3.34,311.34,2026-09-01 02:06
-6.09947,105.42031,7.72,333.79,2026-09-01 02:06
-6.10041,105.42705,4.63,311.35,2026-09-01 02:06
-6.09993,105.42359,4.63,367.0,2026-09-01 02:06
-6.10477,105.4195,5.9,316.88,2026-09-01 02:06
-6.10065,105.42495,18.03,339.75,2026-09-01 13:03
-6.10108,105.4219,18.03,352.13,2026-09-01 13:03
-6.10435,105.42123,4.43,335.93,2026-09-02 01:13
-6.10495,105.42496,4.43,306.96,2026-09-02 01:13
-6.09963,105.42606,24.51,331.91,2026-09-02 12:44
-6.10064,105.41838,18.68,358.08,2026-09-02 12:44
-6.1026,105.42501,44.02,345.93,2026-09-02 13:03
-6.10327,105.42022,21.39,340.52,2026-09-02 13:03
-6.10197,105.42285,32.41,349.78,2026-09-02 13:50
-6.10027,105.42307,9.43,342.11,2026-09-03 01:28
-6.10304,105.41906,4.04,310.42,2026-09-03 01:28
-6.10585,105.42176,14.8,354.02,2026-09-03 12:46
-6.10513,105.42697,14.8,347.14,2026-09-03 12:46
-6.10149,105.42248,26.47,354.98,2026-09-03 12:46
-6.10086,105.42728,25.12,339.27,2026-09-03 12:46
-6.10528,105.42411,15.48,324.59,2026-09-04 00:34
-6.10438,105.41911,21.15,367.0,2026-09-04 00:34
-6.10298,105.42175,23.72,338.83,2026-09-04 01:30
-6.07941,105.37337,2.85,313.68,2026-09-05 00:52
-6.07987,105.44122,2.31,309.86,2026-09-05 00:52
-6.08014,105.37743,2.85,318.2,2026-09-05 00:52
-6.0809,105.38166,4.56,323.04,2026-09-05 00:52
-6.08165,105.38589,4.56,327.48,2026-09-05 00:52
-6.08241,105.39014,6.11,330.3,2026-09-05 00:52
-6.08311,105.39404,6.11,331.0,2026-09-05 00:52
-6.08345,105.42863,2.65,320.23,2026-09-05 00:52
-6.08375,105.39763,28.28,332.44,2026-09-05 00:52
-6.08414,105.43248,2.65,318.34,2026-09-05 00:52
-6.08484,105.43633,2.31,316.47,2026-09-05 00:52
-6.0924,105.38042,4.59,324.11,2026-09-05 00:52
-6.08553,105.44019,2.31,314.88,2026-09-05 00:52
-6.08622,105.44403,4.24,313.2,2026-09-05 00:52
-6.08668,105.38122,4.56,322.48,2026-09-05 00:52
-6.08691,105.44788,4.24,311.61,2026-09-05 00:52
-6.08743,105.38541,4.56,329.02,2026-09-05 00:52
-6.08816,105.38948,6.11,334.6,2026-09-05 00:52
-6.08842,105.45635,7.51,308.18,2026-09-05 00:52
-6.08881,105.39314,6.11,339.3,2026-09-05 00:52
-6.08907,105.45994,6.98,307.12,2026-09-05 00:52
-6.09084,105.37166,2.91,308.08,2026-09-05 00:52
-6.09164,105.37615,2.91,318.16,2026-09-05 00:52
-6.07918,105.43737,2.31,310.85,2026-09-05 00:52
-6.08514,105.37258,2.85,308.02,2026-09-05 00:52
-6.07848,105.43352,2.65,312.21,2026-09-05 00:52
-6.07779,105.42966,2.65,313.35,2026-09-05 00:52
-6.06018,105.39692,3.04,309.29,2026-09-05 00:52
-6.06088,105.4008,3.11,309.92,2026-09-05 00:52
-6.06298,105.41242,3.03,309.42,2026-09-05 00:52
-6.06516,105.39201,3.04,313.39,2026-09-05 00:52
-6.06586,105.39589,3.04,314.05,2026-09-05 00:52
-6.06656,105.3998,3.11,314.14,2026-09-05 00:52
-6.06726,105.40366,3.11,314.59,2026-09-05 00:52
-6.06795,105.40752,3.03,314.64,2026-09-05 00:52
-6.06805,105.37545,2.87,311.41,2026-09-05 00:52
-6.06865,105.41139,3.03,314.22,2026-09-05 00:52
-6.07803,105.39841,16.23,326.7,2026-09-05 00:52
-6.06874,105.37933,2.87,313.82,2026-09-05 00:52
-6.06944,105.38322,3.5,316.2,2026-09-05 00:52
-6.07004,105.41912,4.15,312.32,2026-09-05 00:52
-6.07014,105.38709,3.5,318.0,2026-09-05 00:52
-6.07074,105.42298,7.44,311.17,2026-09-05 00:52
-6.07373,105.37441,2.87,315.44,2026-09-05 00:52
-6.07443,105.3783,2.87,318.39,2026-09-05 00:52
-6.07513,105.38219,3.5,321.5,2026-09-05 00:52
-6.07588,105.3864,3.5,323.05,2026-09-05 00:52
-6.07661,105.39048,7.74,324.81,2026-09-05 00:52
-6.07737,105.39474,7.74,325.63,2026-09-05 00:52
-6.06935,105.41525,4.15,313.28,2026-09-05 00:52
-6.09308,105.38424,4.59,327.41,2026-09-05 00:52
-6.0859,105.37685,2.85,316.66,2026-09-05 00:52
-6.09409,105.4554,5.67,311.69,2026-09-05 00:52
-6.13169,105.40382,1.78,310.19,2026-09-05 00:52
-6.13055,105.46364,3.03,307.34,2026-09-05 00:52
-6.13011,105.42802,2.27,308.1,2026-09-05 00:52
-6.12987,105.45981,3.03,307.05,2026-09-05 00:52
-6.12943,105.42417,2.09,309.97,2026-09-05 00:52
-6.1292,105.45598,2.14,308.03,2026-09-05 00:52
-6.12875,105.42032,2.09,311.98,2026-09-05 00:52
-6.12852,105.45214,2.14,309.19,2026-09-05 00:52
-6.13237,105.40768,1.78,313.08,2026-09-05 00:52
-6.12671,105.40873,2.89,316.4,2026-09-05 00:52
-6.12603,105.40486,2.89,312.98,2026-09-05 00:52
-6.12558,105.46851,2.0,309.6,2026-09-05 00:52
-6.12534,105.40099,2.5,311.28,2026-09-05 00:52
-6.12513,105.43291,2.27,309.93,2026-09-05 00:52
-6.12466,105.39711,2.5,311.49,2026-09-05 00:52
-6.12445,105.42907,2.27,310.54,2026-09-05 00:52
-6.12398,105.39324,2.44,312.15,2026-09-05 00:52
-6.12377,105.42522,2.09,312.6,2026-09-05 00:52
-6.12626,105.47234,2.0,309.07,2026-09-05 00:52
-6.1233,105.38936,2.44,312.65,2026-09-05 00:52
-6.09374,105.38792,14.02,331.66,2026-09-05 00:52
-6.13414,105.40444,1.44,308.93,2026-09-05 00:52
-6.14618,105.40624,1.48,302.99,2026-09-05 00:52
-6.14547,105.40239,1.48,302.15,2026-09-05 00:52
-6.14346,105.42339,1.32,306.41,2026-09-05 00:52
-6.14267,105.41907,1.32,306.44,2026-09-05 00:52
-6.14192,105.41499,1.46,306.56,2026-09-05 00:52
-6.14122,105.41113,1.46,306.66,2026-09-05 00:52
-6.14051,105.40727,1.44,306.08,2026-09-05 00:52
-6.13981,105.40342,1.44,305.21,2026-09-05 00:52
-6.13373,105.41541,2.39,311.33,2026-09-05 00:52
-6.1391,105.39956,3.51,302.6,2026-09-05 00:52
-6.13804,105.40664,1.78,308.37,2026-09-05 00:52
-6.13767,105.42371,1.32,307.15,2026-09-05 00:52
-6.13736,105.40277,1.78,307.25,2026-09-05 00:52
-6.13696,105.41986,1.32,309.0,2026-09-05 00:52
-6.13626,105.41601,1.46,309.36,2026-09-05 00:52
-6.13555,105.41216,1.46,309.97,2026-09-05 00:52
-6.13485,105.4083,1.44,311.13,2026-09-05 00:52
-6.13435,105.45216,2.14,305.29,2026-09-05 00:52
-6.13872,105.41051,2.39,308.66,2026-09-05 00:52
-6.12309,105.42136,2.09,315.76,2026-09-05 00:52
-6.13305,105.41155,2.39,312.07,2026-09-05 00:52
-6.12197,105.48103,3.24,309.51,2026-09-05 00:52
-6.09474,105.45901,9.78,309.96,2026-09-05 00:52
-6.12261,105.38548,2.36,310.1,2026-09-05 00:52
-6.11137,105.48691,1.37,309.2,2026-09-05 00:52
-6.10857,105.37235,2.91,309.45,2026-09-05 00:52
-6.10599,105.4567,14.26,321.86,2026-09-05 00:52
-6.10505,105.48412,1.45,308.37,2026-09-05 00:52
-6.10437,105.4803,1.45,310.06,2026-09-05 00:52
-6.10363,105.37759,13.91,321.63,2026-09-05 00:52
-6.10299,105.37396,2.91,316.62,2026-09-05 00:52
-6.1023,105.37012,2.91,307.74,2026-09-05 00:52
-6.09974,105.45436,5.67,316.74,2026-09-05 00:52
-6.09941,105.48515,1.45,305.16,2026-09-05 00:52
-6.09873,105.48134,1.45,306.16,2026-09-05 00:52
-6.0987,105.38284,4.59,326.08,2026-09-05 00:52
-6.09806,105.37924,4.59,324.18,2026-09-05 00:52
-6.09737,105.37536,2.91,319.13,2026-09-05 00:52
-6.0966,105.37103,2.91,308.85,2026-09-05 00:52
-6.11205,105.49073,1.37,308.67,2026-09-05 00:52
-6.11353,105.36725,2.01,303.84,2026-09-05 00:52
-6.09433,105.39124,14.02,340.52,2026-09-05 00:52
-6.11488,105.37488,1.92,307.89,2026-09-05 00:52
-6.11701,105.48588,1.37,309.63,2026-09-05 00:52
-6.11762,105.3904,2.44,314.66,2026-09-05 00:52
-6.11769,105.4897,1.37,308.45,2026-09-05 00:52
-6.11831,105.39429,2.44,315.14,2026-09-05 00:52
-6.11899,105.39816,2.5,317.15,2026-09-05 00:52
-6.11968,105.40203,2.5,318.06,2026-09-05 00:52
-6.11987,105.36993,2.01,304.27,2026-09-05 00:52
-6.11419,105.37099,2.01,305.68,2026-09-05 00:52
-6.11994,105.46955,2.0,313.82,2026-09-05 00:52
-6.12036,105.40591,2.89,319.08,2026-09-05 00:52
-6.12056,105.37383,1.92,306.38,2026-09-05 00:52
-6.12062,105.47337,2.0,312.35,2026-09-05 00:52
-6.12104,105.40977,2.89,322.68,2026-09-05 00:52
-6.12124,105.3777,1.92,307.03,2026-09-05 00:52
-6.12129,105.4772,3.24,310.77,2026-09-05 00:52
-6.12193,105.38159,2.36,307.72,2026-09-05 00:52
-6.11557,105.37876,1.92,310.93,2026-09-05 00:52
-6.11625,105.38264,2.36,315.51,2026-09-05 00:52
-6.11694,105.38653,2.36,316.28,2026-09-05 00:52
-6.0893,105.45562,2.71,316.06,2026-09-05 01:11
-6.09,105.45989,2.71,312.58,2026-09-05 01:11
-6.09011,105.4148,7.91,319.39,2026-09-05 01:11
-6.09084,105.41918,8.18,342.79,2026-09-05 01:11
-6.10542,105.46162,2.75,312.42,2026-09-05 01:11
-6.10474,105.45745,5.56,314.96,2026-09-05 01:11
-6.10403,105.4532,5.56,319.27,2026-09-05 01:11
-6.10174,105.46223,2.85,312.24,2026-09-05 01:11
-6.10035,105.45381,5.64,319.26,2026-09-05 01:11
-6.09878,105.46719,2.85,309.02,2026-09-05 01:11
-6.09807,105.46291,2.85,311.72,2026-09-05 01:11
-6.09528,105.42313,8.18,347.23,2026-09-05 01:11
-6.0951,105.4678,2.18,308.92,2026-09-05 01:11
-6.09455,105.41874,8.18,339.8,2026-09-05 01:11
-6.0944,105.46355,2.18,311.38,2026-09-05 01:11
-6.09369,105.45931,2.71,313.77,2026-09-05 01:11
-6.09298,105.45502,2.71,317.22,2026-09-05 01:11
-6.09158,105.42367,8.18,351.08,2026-09-05 01:11
-6.09142,105.46841,2.18,308.44,2026-09-05 01:11
-6.09071,105.46415,2.18,310.49,2026-09-05 01:11
-6.09667,105.45442,5.64,318.24,2026-09-05 01:11
-6.08632,105.46048,5.19,311.28,2026-09-05 01:11
-6.08642,105.41542,4.54,332.79,2026-09-05 01:11
-6.06131,105.42408,2.73,307.17,2026-09-05 01:11
-6.06204,105.42846,2.73,309.07,2026-09-05 01:11
-6.065,105.42347,2.73,310.93,2026-09-05 01:11
-6.06569,105.4503,2.57,308.91,2026-09-05 01:11
-6.06573,105.42785,2.73,313.17,2026-09-05 01:11
-6.06642,105.45466,2.57,307.76,2026-09-05 01:11
-6.06796,105.41848,5.14,310.29,2026-09-05 01:11
-6.06938,105.44969,2.57,311.15,2026-09-05 01:11
-6.0701,105.45405,2.57,309.8,2026-09-05 01:11
-6.07165,105.41786,5.14,314.2,2026-09-05 01:11
-6.07461,105.41287,3.47,312.44,2026-09-05 01:11
-6.07534,105.41726,3.47,319.15,2026-09-05 01:11
-6.07831,105.41225,3.47,317.63,2026-09-05 01:11
-6.07903,105.41664,3.47,325.13,2026-09-05 01:11
-6.08117,105.45231,13.19,315.28,2026-09-05 01:11
-6.082,105.41164,4.54,322.71,2026-09-05 01:11
-6.08273,105.41602,4.54,330.75,2026-09-05 01:11
-6.0856,105.45616,5.19,314.14,2026-09-05 01:11
-6.08569,105.41103,4.54,323.26,2026-09-05 01:11
-6.10636,105.42136,6.05,337.23,2026-09-05 01:11
-6.10708,105.4257,6.35,348.56,2026-09-05 01:11
-6.1135,105.46474,1.92,308.87,2026-09-05 01:11
-6.10911,105.46101,2.75,312.07,2026-09-05 01:11
-6.10776,105.42986,6.35,341.01,2026-09-05 01:11
-6.13049,105.45299,1.75,307.59,2026-09-05 01:11
-6.12977,105.44862,1.75,308.53,2026-09-05 01:11
-6.12763,105.43553,2.24,309.52,2026-09-05 01:11
-6.12692,105.43117,2.24,309.92,2026-09-05 01:11
-6.1268,105.45359,1.75,308.99,2026-09-05 01:11
-6.12609,105.44923,1.75,310.64,2026-09-05 01:11
-6.12466,105.44051,3.69,311.36,2026-09-05 01:11
-6.12395,105.43615,2.24,316.9,2026-09-05 01:11
-6.12323,105.43178,2.24,316.37,2026-09-05 01:11
-6.11883,105.42802,3.45,320.22,2026-09-05 01:11
-6.12538,105.44488,3.69,311.33,2026-09-05 01:11
-6.11719,105.46414,1.92,308.34,2026-09-05 01:11
-6.10982,105.46536,2.75,308.89,2026-09-05 01:11
-6.11811,105.42365,3.45,313.05,2026-09-05 01:11
-6.11073,105.42487,6.35,329.86,2026-09-05 01:11
-6.11145,105.42925,6.35,334.11,2026-09-05 01:11
-6.11279,105.4604,1.92,311.71,2026-09-05 01:11
-6.11003,105.42062,6.05,318.98,2026-09-05 01:11
-6.11442,105.42426,3.45,325.29,2026-09-05 01:11
-6.11514,105.42863,3.45,330.97,2026-09-05 01:11
-6.11647,105.45979,1.92,310.72,2026-09-05 01:11
-6.10128,105.38129,1.04,306.47,2026-09-06 00:52
-6.09907,105.39196,1.63,319.83,2026-09-06 00:52
-6.09958,105.39497,1.75,321.22,2026-09-06 00:52
-6.10008,105.39787,1.75,323.83,2026-09-06 00:52
-6.10058,105.40079,1.6,322.13,2026-09-06 00:52
-6.1006,105.43134,1.61,310.88,2026-09-06 00:52
-6.10105,105.43397,1.61,305.83,2026-09-06 00:52
-6.10108,105.40374,1.6,313.68,2026-09-06 00:52
-6.09863,105.3894,1.63,319.33,2026-09-06 00:52
-6.10178,105.38407,1.04,314.15,2026-09-06 00:52
-6.1072,105.37865,0.66,301.48,2026-09-06 00:52
-6.10265,105.38249,1.16,312.79,2026-09-06 00:52
-6.10311,105.38516,1.16,317.77,2026-09-06 00:52
-6.1046,105.42901,2.53,326.47,2026-09-06 00:52
-6.10507,105.43167,2.53,313.61,2026-09-06 00:52
-6.10555,105.43432,1.1,307.62,2026-09-06 00:52
-6.10564,105.43051,1.61,317.14,2026-09-06 00:52
-6.10607,105.43723,1.1,303.64,2026-09-06 00:52
-6.10612,105.43332,1.61,309.34,2026-09-06 00:52
-6.10671,105.37578,0.66,299.16,2026-09-06 00:52
-6.09815,105.38661,1.0,316.24,2026-09-06 00:52
-6.10765,105.3813,1.16,303.23,2026-09-06 00:52
-6.10221,105.37991,0.66,304.48,2026-09-06 00:52
-6.0977,105.38394,1.0,308.86,2026-09-06 00:52
-6.09358,105.42062,1.35,316.32,2026-09-06 00:52
-6.09604,105.40465,1.6,308.99,2026-09-06 00:52
-6.08647,105.4094,1.22,306.55,2026-09-06 00:52
-6.08697,105.41233,1.22,306.25,2026-09-06 00:52
-6.08748,105.41527,1.44,306.51,2026-09-06 00:52
-6.08798,105.41821,1.44,304.74,2026-09-06 00:52
-6.08848,105.42113,1.35,304.79,2026-09-06 00:52
-6.08867,105.392,1.0,298.3,2026-09-06 00:52
-6.08899,105.42406,1.35,308.75,2026-09-06 00:52
-6.08949,105.427,1.36,303.56,2026-09-06 00:52
-6.0915,105.40849,1.22,312.14,2026-09-06 00:52
-6.09201,105.41143,1.22,316.19,2026-09-06 00:52
-6.09251,105.41437,1.44,317.61,2026-09-06 00:52
-6.09269,105.38507,1.0,299.13,2026-09-06 00:52
-6.09306,105.41759,1.44,316.79,2026-09-06 00:52
-6.09317,105.3879,1.0,306.02,2026-09-06 00:52
-6.10815,105.38425,1.16,305.23,2026-09-06 00:52
-6.09365,105.39069,1.63,312.18,2026-09-06 00:52
-6.09409,105.42358,1.35,315.95,2026-09-06 00:52
-6.09455,105.39595,1.75,308.68,2026-09-06 00:52
-6.09457,105.42641,1.36,310.69,2026-09-06 00:52
-6.09505,105.39887,1.75,307.43,2026-09-06 00:52
-6.09506,105.42924,1.36,306.32,2026-09-06 00:52
-6.09554,105.4017,1.6,305.18,2026-09-06 00:52
-6.09555,105.43214,2.79,303.43,2026-09-06 00:52
-6.09681,105.38538,1.04,310.05,2026-09-06 00:52
-6.10831,105.39153,1.33,307.62,2026-09-06 00:52
-6.09407,105.39316,1.63,309.12,2026-09-06 00:52
-6.10936,105.3974,1.53,319.36,2026-09-06 00:52
-6.10883,105.39446,1.33,313.42,2026-09-06 00:52
-6.11907,105.42287,1.31,304.36,2026-09-06 00:52
-6.11855,105.41994,1.31,306.41,2026-09-06 00:52
-6.11804,105.41702,1.97,309.29,2026-09-06 00:52
-6.11752,105.4141,1.97,311.71,2026-09-06 00:52
-6.117,105.41117,1.97,311.9,2026-09-06 00:52
-6.11648,105.40824,1.97,312.04,2026-09-06 00:52
-6.11596,105.40531,1.76,310.03,2026-09-06 00:52
-6.11544,105.40237,1.76,309.83,2026-09-06 00:52
-6.11508,105.42961,1.5,305.62,2026-09-06 00:52
-6.11492,105.39944,1.53,309.16,2026-09-06 00:52
-6.11456,105.42669,1.5,309.02,2026-09-06 00:52
-6.11439,105.39651,1.53,307.19,2026-09-06 00:52
-6.11405,105.42378,1.31,313.45,2026-09-06 00:52
-6.11564,105.42833,2.01,305.92,2026-09-06 00:52
-6.11353,105.42085,1.31,319.88,2026-09-06 00:52
-6.11387,105.39357,1.33,305.55,2026-09-06 00:52
-6.10988,105.40034,1.53,322.09,2026-09-06 00:52
-6.11005,105.4305,2.53,311.81,2026-09-06 00:52
-6.1104,105.40327,1.76,321.98,2026-09-06 00:52
-6.11061,105.42924,2.01,312.94,2026-09-06 00:52
-6.11092,105.4062,1.76,321.83,2026-09-06 00:52
-6.11057,105.43343,1.1,306.79,2026-09-06 00:52
-6.11144,105.40913,1.97,322.65,2026-09-06 00:52
-6.11196,105.41206,1.97,323.89,2026-09-06 00:52
-6.11248,105.41499,1.97,325.35,2026-09-06 00:52
-6.11301,105.41793,1.97,324.24,2026-09-06 00:52
-6.11111,105.43216,2.01,307.38,2026-09-06 00:52
-6.10953,105.42758,2.53,321.3,2026-09-06 00:52
-6.10225,105.43648,1.88,310.78,2026-09-06 01:36
-6.1061,105.4359,2.34,314.78,2026-09-06 01:36
-6.10295,105.44126,1.63,307.83,2026-09-06 01:36
-6.10365,105.44606,1.63,304.01,2026-09-06 01:36
-6.10538,105.43095,2.34,312.99,2026-09-06 01:36
-6.1145,105.43953,4.86,305.87,2026-09-06 01:36
-6.1075,105.44548,1.6,306.05,2026-09-06 01:36
-6.10995,105.43532,2.34,312.9,2026-09-06 01:36
-6.11065,105.4401,1.6,308.5,2026-09-06 01:36
-6.11135,105.4449,1.6,306.01,2026-09-06 01:36
-6.1138,105.43473,4.74,308.37,2026-09-06 01:36
-6.10153,105.43152,1.88,315.32,2026-09-06 01:36
-6.1068,105.44068,1.6,310.31,2026-09-06 01:36
-6.0991,105.44184,1.63,304.1,2026-09-06 01:36
-6.10081,105.42661,1.37,305.76,2026-09-06 01:36
-6.09769,105.43213,1.88,306.56,2026-09-06 01:36
-6.09699,105.42732,1.37,306.54,2026-09-06 01:36
-6.0984,105.43706,1.88,305.72,2026-09-06 01:36
-6.11666,105.46481,0.93,299.19,2026-09-06 02:15
-6.11605,105.46058,1.05,300.76,2026-09-06 02:15
-6.11544,105.45634,1.05,301.21,2026-09-06 02:15
-6.11483,105.45212,0.98,301.08,2026-09-06 02:15
-6.11422,105.44788,0.98,298.01,2026-09-06 02:15
-6.11137,105.46988,0.93,298.41,2026-09-06 02:15
-6.11076,105.46564,0.93,299.99,2026-09-06 02:15
-6.11015,105.4614,1.05,300.58,2026-09-06 02:15
-6.10954,105.45718,1.05,300.74,2026-09-06 02:15
-6.10893,105.45293,0.98,299.73,2026-09-06 02:15
-6.11727,105.46905,0.93,298.12,2026-09-06 02:15
-6.10362,105.4579,1.48,297.49,2026-09-06 02:15
-6.10424,105.46224,1.48,298.93,2026-09-06 02:15
-6.10169,105.41798,18.65,346.46,2026-09-06 12:33
-6.10658,105.42197,29.4,367.0,2026-09-06 12:33
-6.10882,105.41808,18.65,334.91,2026-09-06 12:33
-6.09777,105.41885,8.16,333.16,2026-09-07 00:34
-6.1023,105.41285,11.38,327.82,2026-09-07 00:34
-6.10319,105.41031,6.06,306.33,2026-09-07 00:34
-6.1037,105.42055,11.38,345.74,2026-09-07 00:34
-6.10457,105.41759,8.16,348.41,2026-09-07 00:34
-6.10578,105.42403,8.16,306.91,2026-09-07 00:34
-6.0964,105.41161,6.06,304.12,2026-09-07 00:34
-6.11027,105.41756,8.32,311.81,2026-09-07 01:17
-6.10696,105.41808,8.32,354.4,2026-09-07 01:17
-6.09773,105.41676,10.25,317.82,2026-09-07 01:53
-6.11109,105.41879,12.4,311.95,2026-09-07 01:53
-6.10801,105.42737,4.92,314.5,2026-09-07 01:53
-6.10737,105.42304,12.4,354.61,2026-09-07 01:53
-6.11168,105.42274,12.4,316.96,2026-09-07 01:53
-6.10625,105.4155,9.52,329.29,2026-09-07 01:53
-6.10369,105.42762,9.94,331.31,2026-09-07 01:53
-6.10195,105.41586,10.25,341.3,2026-09-07 01:53
-6.10678,105.4191,12.4,367.0,2026-09-07 01:53
-6.10008,105.41827,6.22,310.86,2026-09-07 02:13
-6.10075,105.42321,7.1,343.35,2026-09-07 02:13
-6.10155,105.42915,7.1,305.78,2026-09-07 02:13
-6.10172,105.42438,6.59,334.54,2026-09-07 02:13
-6.10596,105.41254,6.22,309.82,2026-09-07 02:13
-6.10664,105.41754,6.22,332.63,2026-09-07 02:13
-6.10686,105.41367,7.55,323.38,2026-09-07 02:13
-6.10732,105.42262,7.1,324.74,2026-09-07 02:13
-6.10753,105.4184,6.59,332.43,2026-09-07 02:13
-6.10833,105.42404,6.59,309.89,2026-09-07 02:13
-6.10097,105.41908,6.59,333.48,2026-09-07 02:13
-6.10697,105.42262,17.02,353.51,2026-09-07 12:53
-6.10532,105.42039,24.49,351.4,2026-09-07 13:10
-6.10953,105.42068,8.2,349.41,2026-09-07 13:10
-6.10898,105.42448,8.2,344.28,2026-09-07 13:10
-6.10477,105.42418,24.49,367.0,2026-09-07 13:10
-6.10991,105.42175,7.84,333.76,2026-09-08 00:58
-6.10928,105.41806,5.89,317.71,2026-09-08 00:58
-6.10527,105.41906,7.48,347.39,2026-09-08 00:58
-6.10458,105.41499,7.48,315.63,2026-09-08 00:58
-6.10119,105.41967,7.48,324.4,2026-09-08 00:58
-6.10152,105.42251,12.13,335.5,2026-09-08 12:53
-6.10734,105.423,12.13,356.27,2026-09-08 12:53
-6.10554,105.42169,9.0,367.0,2026-09-08 14:14
-6.105,105.42484,9.77,348.36,2026-09-08 14:14
-6.10086,105.4181,9.0,367.0,2026-09-08 14:14
-6.10038,105.42091,9.0,341.14,2026-09-08 14:14
-6.09984,105.42404,9.77,339.1,2026-09-08 14:14
-6.10603,105.4188,9.0,341.94,2026-09-08 14:14
-6.10545,105.41604,5.69,313.02,2026-09-09 00:41
-6.10382,105.41782,6.81,325.54,2026-09-09 00:41
-6.10456,105.42194,6.81,352.5,2026-09-09 00:41
-6.10521,105.42554,7.51,308.2,2026-09-09 00:41
-6.10065,105.42171,5.69,338.36,2026-09-09 00:41
-6.09985,105.41703,5.69,315.84,2026-09-09 00:41
-6.10686,105.42423,10.48,314.06,2026-09-09 00:41
-6.11004,105.42027,6.81,317.07,2026-09-09 00:41
-6.10626,105.42071,5.69,345.68,2026-09-09 00:41
-6.09934,105.41518,7.84,330.67,2026-09-09 01:15
-6.10014,105.41993,6.16,334.72,2026-09-09 01:15
-6.10089,105.42442,6.16,332.04,2026-09-09 01:15
-6.10504,105.42417,8.59,342.09,2026-09-09 01:36
-6.1015,105.42474,8.59,345.01,2026-09-09 01:36
-6.10861,105.42377,6.09,328.62,2026-09-09 01:36
-6.10855,105.42451,4.94,321.1,2026-09-09 01:36
-6.10798,105.41973,6.04,348.47,2026-09-09 01:36
-6.10794,105.42046,6.96,352.88,2026-09-09 01:36
-6.10738,105.4159,6.04,314.99,2026-09-09 01:36
-6.10735,105.41653,6.96,320.41,2026-09-09 01:36
-6.10396,105.42104,13.88,352.28,2026-09-09 13:54
-6.10322,105.42562,19.97,348.02,2026-09-09 13:54
-6.09945,105.4251,8.11,330.33,2026-09-09 13:54
-6.1077,105.42176,13.88,350.22,2026-09-09 13:54
-6.09819,105.42104,10.6,331.7,2026-09-09 14:14
-6.10525,105.4213,13.41,337.69,2026-09-09 14:14
-6.10462,105.41803,10.6,348.99,2026-09-09 14:14
-6.10451,105.42541,18.75,346.95,2026-09-09 14:14
-6.10398,105.42172,10.6,351.83,2026-09-09 14:14
-6.10326,105.42593,14.15,339.86,2026-09-09 14:14
-6.10003,105.4174,13.41,354.64,2026-09-09 14:14
-6.09948,105.42049,13.41,367.0,2026-09-09 14:14
-6.09881,105.41743,10.6,367.0,2026-09-09 14:14
