date,so2_max_du,so2_mean_du,so2_15_du
2018-11-29,1.43158,0.326801,0.11988
2018-11-30,0.863684,0.302116,-0.0335905
2018-12-01,2.42942,0.30331,0.0678984
2018-12-02,2.47567,0.396506,0.122075
2018-12-03,1.13526,0.500201,0.142661
2018-12-04,2.15789,1.06003,0.129615
2018-12-05,0.412193,-0.112571,0.00520424
2018-12-06,2.69667,0.425779,0.00762797
2018-12-07,2.51114,0.531701,0.0986108
2018-12-08,1.15837,0.228468,0.0750249
2018-12-09,2.96026,0.00712774,0.0373116
2018-12-10,1.7366,0.407201,0.133228
2018-12-13,1.14708,-0.0468704,-0.00540722
2018-12-14,0.765187,-0.0644979,-0.0128465
2018-12-15,0.181204,-0.720811,-0.0179802
2018-12-17,1.47181,0.172438,0.0581396
2018-12-18,1.55247,0.0453056,0.0735483
2018-12-20,1.8508,0.219109,0.105065
2018-12-21,0.16429,-0.108906,0.0808697
2018-12-22,0.972776,0.193954,0.0268281
2018-12-24,3.04676,2.46418,7.35806
2018-12-27,2.11671,2.11671,3.58295
2018-12-28,4.88182,4.88182,2.39327
2018-12-29,0.788714,0.165803,0.0960183
2018-12-30,0.35954,-0.0315046,-0.00330974
2018-12-31,0.745427,-0.0231632,-0.0236711
2019-01-02,6.22638,1.07865,0.255179
2019-01-03,10.3379,5.93922,2.16206
2019-01-04,43.0414,5.12063,1.91254
2019-01-05,42.3738,8.60749,4.26215
2019-01-06,7.19852,2.29433,0.674565
2019-01-07,2.90996,0.280961,0.0437506
2019-01-08,3.06567,0.98655,0.282662
2019-01-09,1.4264,0.101224,0.0319347
2019-01-10,0.673906,-0.0526433,-0.0183202
2019-01-11,1.20998,0.315291,0.120563
2019-01-12,0.984082,0.0956781,0.0351594
2019-01-13,0.607068,0.0256344,-0.00768588
2019-01-14,0.656952,-0.275871,-0.0142085
2019-01-15,0.646946,-0.0633446,-0.0284175
2019-01-16,0.578479,0.578479,-0.0171725
2019-01-17,0.573485,-0.213228,-0.0496925
2019-01-18,1.63752,-0.121109,-0.027002
2019-01-19,1.33997,0.232299,0.0353569
2019-01-20,1.0036,-0.0340154,-0.012083
2019-01-21,0.78063,0.0470729,0.0119294
2019-01-22,0.0830939,-0.113833,-0.0115682
2019-01-23,1.76698,-0.0454709,0.0237529
2019-01-24,0.858239,0.0205889,0.0130368
2019-01-25,2.43265,0.107203,-0.0107553
2019-01-26,0.708279,-0.140833,-0.0697329
2019-01-27,0.548119,-0.021313,-0.0191444
2019-01-28,1.17669,0.00732496,-0.0309019
2019-01-29,0.750726,-0.357227,-0.0699018
2019-01-30,0.357491,0.0937757,-0.00675898
2019-01-31,0.499742,0.135894,0.0282361
2019-02-01,0.465073,-0.0395339,0.0168914
2019-02-02,1.1042,0.147087,0.0633819
2019-02-03,1.33838,0.171663,0.0532834
2019-02-04,0.3643,-0.172044,-0.0866233
2019-02-05,0.880012,0.0224048,0.00835614
2019-02-06,0.539093,-0.211281,-0.0826681
2019-02-07,1.26941,0.0957415,0.00432716
2019-02-08,1.34944,0.0750194,0.0287015
2019-02-09,0.681351,-0.00856145,0.00859551
2019-02-10,1.0118,0.256683,0.058651
2019-02-11,0.765463,-0.256821,-0.106127
2019-02-12,0.686683,-0.147069,-0.0245878
2019-02-13,1.39914,0.0989648,0.0210296
2019-02-14,1.14003,-0.168617,-0.0324644
2019-02-15,1.98279,0.30737,0.0637468
2019-02-16,1.7578,-0.0382908,-0.0117778
2019-02-17,0.689063,0.57922,-0.00839724
2019-02-18,1.36806,-0.269651,-0.0817246
2019-02-19,3.58884,0.348235,-0.00952133
2019-02-20,1.00448,-0.133281,0.0104767
2019-02-21,1.10881,0.0800954,0.0306219
2019-02-22,0.351925,-0.405347,-0.025508
2019-02-23,1.2362,0.403248,0.10792
2019-02-24,1.15215,0.239573,0.0693524
2019-02-25,0.919078,-0.0206576,-0.00837683
2019-02-26,0.755508,-0.21374,-0.0707847
2019-02-27,0.677103,-0.487166,-0.0632818
2019-02-28,0.52958,-0.772467,-0.0372564
2019-03-02,1.35708,-0.425331,-0.0119424
2019-03-04,1.05457,-0.199301,-0.0573363
2019-03-05,0.423646,-0.228705,-0.059247
2019-03-08,1.30481,-0.185776,-0.0393791
2019-03-09,0.549349,-0.263742,-0.0850722
2019-03-10,0.420632,-0.0713298,0.0233606
2019-03-13,0.828227,-0.133355,-0.0385853
2019-03-14,0.772216,-0.357384,-0.0703777
2019-03-15,0.331998,-0.221561,-0.13138
2019-03-16,0.246648,-0.0316192,-0.0452766
2019-03-17,0.810178,0.186094,0.0480627
2019-03-20,0.490581,-0.094223,-0.0308291
2019-03-22,0.71988,-0.0217717,-0.0305584
2019-03-23,1.30941,0.0832465,0.00323304
2019-03-24,0.758986,-0.102917,-0.0326534
2019-03-25,0.745149,-0.0212362,0.0135283
2019-03-26,0.424847,-0.182646,-0.0709261
2019-03-27,0.865724,0.06438,0.0176109
2019-03-29,0.775511,-0.0963867,-0.0381653
2019-03-30,1.59036,-0.0134293,-0.00475359
2019-03-31,1.37081,0.0424841,0.0214765
2019-04-01,1.06097,0.197821,0.0844652
2019-04-02,1.42553,0.104869,0.0412377
2019-04-03,1.87929,0.100992,0.0289268
2019-04-04,0.940526,0.0532438,0.0209976
2019-04-05,0.991585,0.0687255,0.0248628
2019-04-06,1.40626,0.12749,0.0457768
2019-04-07,0.647907,0.0715574,-0.0102026
2019-04-08,3.85631,0.625417,0.191688
2019-04-09,0.639624,-0.49963,0.00650637
2019-04-10,0.602208,-0.033181,-0.0127161
2019-04-11,0.506596,-0.0958371,-0.0291853
2019-04-12,1.01161,0.0449567,0.0227527
2019-04-13,1.39274,-0.144583,-0.0635846
2019-04-14,2.65878,0.197483,0.0617666
2019-04-16,0.699302,-0.057752,-0.0289092
2019-04-17,3.42618,0.782041,0.185421
2019-04-18,2.47476,0.313575,0.0308999
2019-04-19,2.49313,-0.0340749,-0.0226326
2019-04-20,2.23695,0.46151,0.0676305
2019-04-21,1.11299,0.335957,-0.0304734
2019-04-22,1.59243,0.304415,0.0768325
2019-04-23,2.04979,0.018698,-0.0409811
2019-04-24,7.05582,1.34866,0.0578569
2019-04-25,2.45768,0.161274,0.0323043
2019-04-26,0.823186,0.102008,0.0519288
2019-04-28,1.26318,0.133549,0.0408099
2019-04-30,0.91359,0.072272,-0.00511843
2019-05-01,0.496744,-0.153083,-0.0448307
2019-05-02,0.582634,-0.00487145,0.00482433
2019-05-03,0.952582,-0.00288847,-0.0059995
2019-05-04,1.1343,0.224677,0.0632479
2019-05-05,0.831296,-0.0186229,-0.0120916
2019-05-06,1.08069,-0.0180806,-0.0132933
2019-05-07,1.99343,0.320501,0.0853686
2019-05-08,1.10361,0.352356,0.119155
2019-05-09,0.613861,-0.038514,-0.016511
2019-05-10,1.84857,-0.0529582,-0.0105505
2019-05-11,1.35127,0.0425606,-0.000218885
2019-05-12,1.16145,0.143627,0.0327523
2019-05-13,1.19981,0.254294,0.0613565
2019-05-14,1.8031,0.592137,0.0979099
2019-05-16,2.10745,0.430305,0.0873386
2019-05-17,1.54079,0.246275,0.071481
2019-05-18,3.05199,1.00242,0.24963
2019-05-19,1.70517,0.439612,0.144173
2019-05-20,1.08591,0.0591227,0.044031
2019-05-21,1.31862,0.264535,0.0779529
2019-05-22,1.23966,0.230629,0.0621378
2019-05-23,1.36233,0.411805,0.141241
2019-05-24,1.17766,0.272101,0.0833159
2019-05-25,1.23377,0.390865,0.119177
2019-05-26,1.68254,-0.00629701,-0.0184421
2019-05-27,2.8424,0.441695,0.108173
2019-05-28,2.0303,0.495613,0.131824
2019-05-29,1.38824,0.41032,0.111418
2019-05-30,2.2391,0.619198,0.136892
2019-05-31,3.76263,0.882337,0.0960407
2019-06-01,2.59582,0.558767,0.105702
2019-06-02,2.31527,0.896822,0.122005
2019-06-04,2.09537,0.402624,0.0736119
2019-06-05,3.24368,0.384301,0.0518373
2019-06-06,1.84614,0.306871,0.0667031
2019-06-07,1.07591,-0.206397,-0.0258609
2019-06-08,1.27553,0.144804,-0.0150729
2019-06-09,1.79353,0.56119,0.193138
2019-06-10,1.91909,0.518857,0.140675
2019-06-11,2.22481,0.335439,0.0548749
2019-06-12,2.23932,0.696888,0.171593
2019-06-13,1.90084,0.331153,0.0557435
2019-06-14,1.46485,0.645678,0.183732
2019-06-15,1.96728,0.355772,0.0755838
2019-06-17,2.37387,0.592273,0.114558
2019-06-18,2.19016,0.466221,0.11451
2019-06-19,2.01905,0.445822,0.130635
2019-06-20,1.93147,0.381064,0.084531
2019-06-21,2.26556,0.286744,0.0410263
2019-06-22,2.67994,0.392325,0.0358046
2019-06-23,1.33436,0.287675,0.0796264
2019-06-24,2.76635,0.610432,0.165954
2019-06-25,3.07396,0.771434,0.184819
2019-06-26,2.31987,0.793801,0.152618
2019-06-27,3.0719,0.0511659,-0.0236288
2019-06-28,1.53738,0.313119,0.0873552
2019-06-29,1.81643,0.605249,0.147345
2019-06-30,1.43176,0.23427,0.0737851
2019-07-01,2.90267,1.09265,0.219615
2019-07-02,5.29206,1.50109,0.17673
2019-07-03,1.97648,0.84557,0.184826
2019-07-04,2.274,0.753397,0.193347
2019-07-05,1.56801,0.247754,0.0435559
2019-07-06,1.91468,0.611556,0.139196
2019-07-07,2.10658,0.237994,0.035117
2019-07-08,2.22201,0.331704,0.0676762
2019-07-09,1.10403,0.371822,0.122546
2019-07-10,2.25967,0.800943,0.189155
2019-07-11,5.66876,1.15057,0.288226
2019-07-12,2.01013,0.465323,0.0975
2019-07-13,3.70378,0.425856,-0.024398
2019-07-14,2.43712,0.566927,0.114468
2019-07-15,1.28461,0.414215,0.13272
2019-07-16,1.452,0.156846,0.0405057
2019-07-17,3.78198,1.05048,0.183584
2019-07-18,5.23972,1.46098,0.14969
2019-07-19,1.10314,0.119008,-0.0298887
2019-07-20,1.57463,0.452087,0.101127
2019-07-21,1.68146,0.392212,0.0963322
2019-07-22,2.3488,0.643039,0.163936
2019-07-23,3.30221,0.19739,0.0109816
2019-07-24,2.23309,0.701182,0.122276
2019-07-25,1.89053,0.694305,0.15758
2019-07-26,2.87249,0.598877,0.145772
2019-07-27,1.94647,0.602029,0.134743
2019-07-28,2.11891,0.525101,0.138724
2019-07-29,4.18364,0.243728,0.0437613
2019-07-30,1.87871,0.302057,0.0355469
2019-07-31,3.59802,0.493774,0.132913
2019-08-01,3.59082,0.757405,0.19887
2019-08-02,1.9612,0.520435,0.106979
2019-08-03,2.06853,-0.0348583,0.0419534
2019-08-04,1.79724,0.599805,0.0958832
2019-08-05,1.71158,0.305842,0.073561
2019-08-06,2.4596,0.307959,0.0712383
2019-08-07,2.89278,0.953959,0.190153
2019-08-08,5.12256,1.12176,0.0926052
2019-08-09,4.25579,0.590797,0.0668074
2019-08-10,3.48152,0.941126,0.181126
2019-08-11,2.64426,0.659368,0.184857
2019-08-12,4.32326,1.04466,0.247962
2019-08-13,2.64476,0.836228,0.176951
2019-08-14,4.04656,1.10335,0.141229
2019-08-15,1.70449,0.155387,0.0379312
2019-08-16,4.38701,0.57884,0.172164
2019-08-17,3.61506,0.904576,0.249443
2019-08-18,3.17408,0.924857,0.174898
2019-08-19,4.29442,1.07484,0.161887
2019-08-20,2.12158,0.447999,0.071977
2019-08-21,2.10491,0.363673,0.0971725
2019-08-22,2.17538,0.564824,0.183479
2019-08-23,2.95926,1.0323,0.290583
2019-08-24,4.23033,0.982445,0.18953
2019-08-25,2.17209,0.225304,0.0359294
2019-08-26,1.71954,0.00921909,0.0609436
2019-08-27,2.34811,0.516224,0.136462
2019-08-28,3.39975,0.449853,0.154595
2019-08-29,3.88628,1.29799,0.213622
2019-08-30,6.21439,1.01442,0.085207
2019-08-31,2.13261,0.351807,0.0669042
2019-09-01,2.57542,0.219493,0.0593293
2019-09-02,3.72702,1.01616,0.250711
2019-09-03,2.88595,0.915349,0.201383
2019-09-04,5.30413,0.87059,0.0569697
2019-09-05,1.5072,0.00322782,0.00174219
2019-09-06,4.9109,0.823768,0.170976
2019-09-07,5.36945,1.0574,0.215429
2019-09-08,3.58909,0.99521,0.211369
2019-09-09,1.97807,0.49379,0.0758481
2019-09-10,2.36576,0.684127,0.124331
2019-09-11,5.37699,0.404579,0.0829434
2019-09-12,2.68022,0.805116,0.190933
2019-09-13,3.73685,1.38848,0.345127
2019-09-14,1.45013,0.312444,0.0727631
2019-09-15,6.95655,1.34657,0.1417
2019-09-16,2.34745,-0.180207,-0.0366556
2019-09-17,1.44607,-0.240206,-0.0652866
2019-09-18,1.38079,0.333033,0.125182
2019-09-19,2.23258,0.641825,0.165109
2019-09-20,1.7884,0.606439,0.102038
2019-09-21,1.88504,-0.0826905,-0.0311099
2019-09-22,0.810322,-0.404842,-0.0975453
2019-09-23,0.441413,-0.400588,-0.130068
2019-09-24,0.746481,-0.0380382,-0.0205573
2019-09-25,2.25466,0.500877,0.10761
2019-09-26,1.80173,0.299183,0.0239658
2019-09-27,1.31319,-0.0727678,-0.0118519
2019-09-28,0.824213,-0.195177,-0.0578423
2019-09-29,1.81093,0.349659,0.11955
2019-09-30,1.82506,0.333534,0.0699355
2019-10-01,3.6376,1.1548,0.150741
2019-10-02,1.03749,-0.00907879,0.0169913
2019-10-03,0.805267,-0.357359,-0.11339
2019-10-04,1.833,0.268387,0.0907999
2019-10-05,1.45636,0.651961,0.178492
2019-10-06,4.6737,0.66889,0.0640753
2019-10-07,1.22474,-0.0446237,-0.0072013
2019-10-08,1.22298,0.0498312,0.015546
2019-10-09,1.61263,0.242568,0.0800498
2019-10-10,1.37945,0.354435,0.102139
2019-10-11,1.92859,0.0948535,0.0476968
2019-10-12,1.91929,0.186687,0.0291445
2019-10-13,2.86034,0.563706,0.0884268
2019-10-14,2.10884,0.273573,0.0741409
2019-10-15,2.37363,0.601756,0.154035
2019-10-16,1.56391,0.54719,0.124151
2019-10-17,4.28915,1.28779,0.188733
2019-10-18,5.69151,0.701315,0.200965
2019-10-19,1.20021,0.0812504,0.0273711
2019-10-20,1.17328,0.216114,0.0873549
2019-10-21,1.72506,0.060177,0.00640693
2019-10-22,5.67845,0.926089,0.0948383
2019-10-23,1.93686,0.276553,0.0552602
2019-10-24,1.17293,-0.020166,-0.00650179
2019-10-25,1.48066,0.253085,0.0720449
2019-10-26,1.80542,0.622257,0.175803
2019-10-27,2.45542,0.852574,0.0843844
2019-10-28,2.7447,0.0365102,-0.0328934
2019-10-29,3.09452,0.303339,0.0519374
2019-10-30,1.27223,0.235054,0.0730983
2019-10-31,0.904599,-0.376983,-0.109132
2019-11-01,1.01495,0.0634629,0.027049
2019-11-02,2.5168,0.339922,0.0813992
2019-11-03,0.810827,-0.165771,-0.054891
2019-11-04,1.05676,-0.236784,-0.07766
2019-11-05,1.18502,0.21851,0.0870221
2019-11-06,1.28922,0.00526064,0.00200193
2019-11-07,3.01353,0.330456,0.0596881
2019-11-08,1.67994,0.00368891,-0.000501292
2019-11-09,0.823606,-0.274778,-0.0848556
2019-11-10,1.25401,0.25517,0.0859269
2019-11-11,1.26062,0.229703,0.0694675
2019-11-12,2.25862,0.662926,0.000371505
2019-11-13,1.32281,-0.142953,-0.0138629
2019-11-15,1.49984,0.147525,0.0301792
2019-11-16,2.58007,0.988701,0.236666
2019-11-17,2.09664,0.404352,0.0930938
2019-11-18,6.20131,0.607778,0.0609371
2019-11-19,0.932596,-0.235573,-0.0544272
2019-11-20,1.01223,-0.132679,-0.0360863
2019-11-21,2.09266,0.518422,0.166207
2019-11-22,1.75872,0.466011,0.0914655
2019-11-24,2.22812,-0.0235756,-0.00870256
2019-11-25,1.36463,-0.0823343,-0.0235094
2019-11-26,1.66213,-0.124838,-0.0185271
2019-11-27,1.69876,0.366121,0.0900549
2019-11-28,2.50877,0.807727,0.168075
2019-11-29,1.72345,0.144239,0.0254511
2019-11-30,2.16991,0.602285,0.100304
2019-12-01,1.28037,-0.00782613,0.00358213
2019-12-02,2.44673,0.478678,0.124535
2019-12-03,1.05324,-0.0270016,-0.0707167
2019-12-04,2.11206,0.131503,0.0104124
2019-12-05,0.874047,-0.329735,-0.0650911
2019-12-06,1.9857,0.505673,0.105453
2019-12-07,0.583604,0.365788,0.0476169
2019-12-08,1.68157,0.257533,0.056583
2019-12-09,3.931,0.369923,0.0266689
2019-12-10,1.01864,-0.224754,0.00285296
2019-12-11,1.56859,0.261875,0.0560437
2019-12-13,2.21373,0.695828,0.125751
2019-12-14,4.80266,0.305094,0.0147018
2019-12-15,1.92974,0.246687,0.0428708
2019-12-16,2.52428,0.203851,0.0698382
2019-12-17,0.98441,-0.103242,-0.0366543
2019-12-18,0.764454,0.0339366,0.0276941
2019-12-19,0.985258,0.10919,0.0298683
2019-12-20,6.71347,1.95202,0.208233
2019-12-21,1.10497,-0.043945,-0.0139216
2019-12-22,1.34845,0.00104184,-0.00381505
2019-12-23,0.660398,0.0503395,0.0302695
2019-12-24,2.55306,0.662458,0.149101
2019-12-26,2.66394,0.521028,0.18873
2019-12-27,1.91738,0.49485,0.146655
2019-12-28,3.55884,0.677811,0.187556
2019-12-29,7.5359,1.94481,0.311867
2019-12-30,13.4246,1.5978,0.269848
2019-12-31,3.38263,1.26159,0.234452
2020-01-01,3.23563,1.02665,0.045211
2020-01-02,3.40984,0.235729,0.0659089
2020-01-03,0.733619,-0.173168,-0.0124313
2020-01-04,1.01454,-0.0112337,0.000449834
2020-01-05,2.17287,-0.000401959,-0.0178697
2020-01-06,1.28297,0.424395,0.0625207
2020-01-07,1.08577,0.155218,0.0513013
2020-01-08,1.30931,0.0525863,0.0527602
2020-01-11,0.892649,0.170677,0.0776333
2020-01-12,1.34006,0.0443727,0.0181317
2020-01-13,1.24123,-0.0324772,-0.0108254
2020-01-14,1.13516,0.337896,0.090929
2020-01-15,1.90394,0.400809,0.0826645
2020-01-16,2.39665,-0.14511,-0.0459655
2020-01-17,1.22721,0.23026,0.0689822
2020-01-18,1.58995,0.192322,0.0472965
2020-01-19,2.49715,0.850199,0.216256
2020-01-20,1.25272,0.326166,0.0855229
2020-01-21,3.67215,0.551247,0.0995511
2020-01-22,0.87493,-0.465376,-0.103439
2020-01-23,0.534012,-0.229176,-0.0866812
2020-01-25,1.03704,-0.351618,-0.00316747
2020-01-26,3.69868,1.43552,-0.018932
2020-01-27,1.99498,0.236995,0.0498303
2020-01-28,1.70823,0.165323,0.0214808
2020-01-29,0.775644,-0.361205,-0.114109
2020-01-30,0.790792,-0.237914,-0.0313609
2020-01-31,0.576598,-0.198606,-0.0484027
2020-02-01,1.19579,-0.279398,-0.0753086
2020-02-02,1.9143,0.238048,0.0507115
2020-02-03,1.36342,0.243885,0.0858399
2020-02-04,0.849944,-0.0512086,0.000826866
2020-02-05,1.24385,-0.0519807,-0.00779958
2020-02-07,0.887731,0.359794,0.0820002
2020-02-08,1.5181,0.148509,0.0342699
2020-02-10,1.20183,0.0162879,0.0102321
2020-02-11,3.78758,0.721007,0.1303
2020-02-12,2.22159,-0.0521363,-0.00754034
2020-02-14,1.5006,0.179229,0.0299947
2020-02-15,1.68001,0.174355,0.0568856
2020-02-16,0.313917,0.251334,-0.057975
2020-02-17,1.27413,0.0816546,0.0627488
2020-02-18,1.0778,-0.0386895,-0.020023
2020-02-19,0.897809,-0.0531768,-0.00877955
2020-02-20,1.22249,-0.22678,-0.0106621
2020-02-21,2.14679,0.335724,0.0850585
2020-02-22,2.01151,0.265474,0.0593924
2020-02-23,0.653967,-0.32286,-0.0979222
2020-02-24,0.803167,-0.184434,-0.0750525
2020-02-25,0.0720427,-0.229294,0.0296664
2020-02-26,0.782279,-0.292311,-0.0471416
2020-02-27,3.27589,0.310721,0.01044
2020-02-28,1.11372,-0.0729647,-0.0209105
2020-02-29,1.29096,0.354544,0.113847
2020-03-01,1.13545,0.359659,0.142558
2020-03-02,1.03824,0.238792,0.0911119
2020-03-03,1.31367,0.0640806,0.0149756
2020-03-06,1.1471,0.0344592,0.0137503
2020-03-08,0.100482,-0.208555,0.067192
2020-03-09,-0.560823,-0.560823,-0.104728
2020-03-10,0.790898,-0.0396062,-0.0190902
2020-03-11,1.58781,0.104408,0.0478828
2020-03-13,-0.296176,-0.296176,0.026485
2020-03-14,4.50928,0.505111,0.0739823
2020-03-15,1.43032,-0.00961899,-0.00303627
2020-03-16,1.80066,0.333924,0.058924
2020-03-17,1.55956,0.0560465,0.0223908
2020-03-18,1.62089,-0.302833,0.006272
2020-03-19,1.34364,0.134171,0.0259386
2020-03-20,3.39328,-0.116434,-0.0229243
2020-03-21,2.74219,1.34723,0.200329
2020-03-22,1.34322,0.00993902,0.0237788
2020-03-23,1.17281,0.350326,0.10076
2020-03-24,2.69884,0.220396,0.0218463
2020-03-25,3.14985,0.811345,0.13607
2020-03-26,2.39291,0.300807,0.0718211
2020-03-27,2.59769,0.0193205,0.00151738
2020-03-28,3.425,0.771505,0.26424
2020-03-29,3.5652,0.944965,0.544362
2020-03-31,1.12332,0.162192,0.0685083
2020-04-01,2.06052,0.224897,0.0860444
2020-04-02,1.4333,0.0271137,0.035159
2020-04-03,0.869198,0.173535,0.102707
2020-04-05,2.38962,1.04896,0.245618
2020-04-06,1.26636,0.198195,0.113134
2020-04-07,1.39248,0.0184198,0.0300477
2020-04-08,2.04147,0.329584,0.156455
2020-04-09,1.64294,0.420442,0.172666
2020-04-10,2.97785,0.354499,0.0603037
2020-04-11,9.64868,1.2458,0.343519
2020-04-12,13.7479,2.35144,0.810547
2020-04-13,6.20056,0.771418,0.297796
2020-04-14,3.44726,1.38393,0.247652
2020-04-15,4.97606,1.10677,0.180418
2020-04-16,2.26464,0.512061,0.0969571
2020-04-17,2.81685,0.593554,0.171342
2020-04-18,2.00967,0.248891,0.0872377
2020-04-19,14.685,3.22292,0.644839
2020-04-20,3.34387,0.607509,0.124148
2020-04-21,0.57263,0.0725801,0.0188564
2020-04-22,1.91363,0.252277,0.0804073
2020-04-23,1.20312,0.206361,0.0884267
2020-04-24,1.15524,0.0664212,0.0171338
2020-04-25,2.36016,0.346672,0.0452846
2020-04-26,4.00715,0.77416,0.107911
2020-04-27,0.766017,-0.165936,-0.0141659
2020-04-28,0.997588,-0.267775,-0.0274418
2020-04-29,1.38212,-0.0346978,-0.00082089
2020-04-30,1.22171,-0.30364,0.0186692
2020-05-01,4.35116,1.25429,0.0782781
2020-05-03,1.69048,-0.513621,-0.0471885
2020-05-06,2.25769,1.04898,-0.0117897
2020-05-07,2.19385,0.43395,0.0806845
2020-05-08,1.4848,-0.0149727,-0.00448174
2020-05-09,1.25909,-0.21659,0.041926
2020-05-10,1.38491,0.279347,0.0780149
2020-05-11,2.41665,0.590472,0.100223
2020-05-12,3.1066,0.108804,-0.0313033
2020-05-13,1.85019,0.0563791,0.0102017
2020-05-14,1.8788,0.211666,0.0542555
2020-05-15,1.43885,0.415463,0.117871
2020-05-16,1.81402,0.319437,0.0744603
2020-05-17,4.52205,0.0531067,-0.0352939
2020-05-18,1.01468,-0.230549,-0.00668814
2020-05-19,3.21189,0.818465,0.128653
2020-05-20,1.46678,0.0570049,-0.00800177
2020-05-21,3.58518,0.709882,0.0506961
2020-05-22,2.46538,0.275592,0.0171449
2020-05-23,2.58876,0.323784,0.052703
2020-05-24,0.964515,0.0327632,0.00434338
2020-05-25,0.68655,0.00733015,-0.00722651
2020-05-26,0.30917,0.15701,0.00153489
2020-05-27,0.60146,0.152938,-0.0687359
2020-05-28,1.99218,0.05785,0.0101788
2020-05-29,2.87737,0.414723,0.0760554
2020-05-30,1.15647,0.191609,0.0590977
2020-05-31,1.43324,0.28806,0.050589
2020-06-01,2.1342,0.126656,0.00329724
2020-06-02,2.40212,0.405149,0.00757213
2020-06-03,2.8325,0.402801,0.0451785
2020-06-04,1.65638,0.289766,0.071215
2020-06-05,0.855599,0.483929,0.00117263
2020-06-06,2.05801,0.52695,0.0920088
2020-06-07,0.0929774,-0.00883815,0.0168024
2020-06-08,1.71873,-0.142943,-0.00191113
2020-06-09,1.86705,0.417717,0.0916757
2020-06-10,1.32018,0.336334,0.105314
2020-06-11,1.42982,0.410842,0.114657
2020-06-12,1.70408,0.275213,0.0610584
2020-06-13,1.99091,0.0225206,-0.00149638
2020-06-14,1.61413,0.551934,0.121992
2020-06-15,0.737556,-0.00479533,-0.0204183
2020-06-16,0.982991,0.0442938,0.00381739
2020-06-17,2.21484,0.511649,0.1173
2020-06-18,0.942884,0.548486,-0.0113879
2020-06-20,1.55786,0.350217,0.0869868
2020-06-21,2.01198,0.417348,0.0756401
2020-06-23,2.07765,-0.321184,0.0514563
2020-06-24,1.43279,0.119782,0.0268488
2020-06-25,2.65134,0.548815,0.0825368
2020-06-26,1.94428,0.407481,0.14335
2020-06-27,1.85022,0.606105,0.104407
2020-06-28,1.67889,0.416325,0.101396
2020-06-29,2.07107,0.199075,0.03872
2020-06-30,1.51696,0.274916,0.0715541
2020-07-01,1.39669,0.251456,0.064854
2020-07-03,1.80634,0.21668,-0.00326351
2020-07-05,2.98047,0.562171,0.0762053
2020-07-06,1.97826,0.174631,0.0190727
2020-07-07,2.06447,0.490966,0.0951664
2020-07-08,1.23857,0.317402,0.104743
2020-07-09,1.98312,0.654143,0.0283999
2020-07-10,3.60762,0.744957,0.106753
2020-07-11,1.44012,0.340759,0.0767504
2020-07-12,1.30295,0.208897,0.0781827
2020-07-13,1.83361,0.610041,0.0728466
2020-07-14,-0.401302,-0.401302,0.0182282
2020-07-16,3.07706,0.464548,0.00157602
2020-07-17,1.82172,0.586986,0.171547
2020-07-18,1.46308,0.579881,0.184252
2020-07-19,2.36593,0.788307,0.156284
2020-07-20,1.79979,0.23009,0.0333956
2020-07-21,2.01566,0.801034,0.218266
2020-07-22,1.65081,0.314087,0.0480502
2020-07-23,2.77404,0.418454,0.11573
2020-07-24,1.53794,0.514549,0.131085
2020-07-25,2.03864,0.508936,0.105538
2020-07-26,3.18723,0.72507,0.129259
2020-07-27,2.14742,0.598308,0.156778
2020-07-28,1.63142,0.401592,0.111874
2020-07-29,2.33352,0.81447,0.218538
2020-07-31,2.57279,0.144672,-0.0662025
2020-08-01,2.65812,0.580657,0.0985161
2020-08-02,2.04346,0.391899,0.101931
2020-08-03,1.59107,0.6682,0.190554
2020-08-04,1.59971,0.316527,0.0164325
2020-08-06,1.73505,0.196202,-0.00738517
2020-08-07,1.56425,0.359448,0.112108
2020-08-08,0.989732,0.198981,0.0440522
2020-08-09,1.38812,0.180647,0.0555808
2020-08-10,3.13167,0.533553,0.10269
2020-08-11,1.05098,0.195128,0.0276048
2020-08-12,0.990426,-0.617747,0.0195976
2020-08-14,1.3504,0.175515,0.0325274
2020-08-15,2.89505,0.760468,0.128008
2020-08-16,3.84724,0.75259,0.0077481
2020-08-17,1.83681,-0.0758495,-0.0204437
2020-08-18,0.733466,-0.223992,7.55904e-05
2020-08-19,1.35059,0.389048,0.0870316
2020-08-20,1.99211,0.53672,0.106315
2020-08-21,5.46706,1.13202,0.121799
2020-08-22,2.05977,0.257728,0.0503981
2020-08-23,1.01737,-0.247423,-0.0653476
2020-08-24,0.96666,0.0824462,0.0179747
2020-08-25,2.56351,0.655378,0.157915
2020-08-26,2.47688,0.374184,0.0623574
2020-08-27,2.32118,0.31685,0.0515428
2020-08-28,1.17332,-0.0866715,-0.0188272
2020-08-29,1.53724,0.0733006,0.0332504
2020-08-30,1.23161,0.435644,0.159691
2020-08-31,1.63336,0.234167,0.0705379
2020-09-01,3.46839,0.0882096,-0.0145493
2020-09-02,0.971106,0.0605553,-0.0274268
2020-09-03,0.738639,-0.403084,0.0263109
2020-09-04,1.00126,-0.0539579,-0.0189013
2020-09-05,1.398,0.226549,0.0474919
2020-09-06,0.913123,-0.728404,0.0418546
2020-09-07,2.50702,0.240442,0.0129488
2020-09-08,1.12618,-0.185685,-0.0446755
2020-09-09,0.708713,-0.26933,-0.0293159
2020-09-10,0.193166,-0.154002,0.00029224
2020-09-12,2.703,0.480305,0.0971078
2020-09-13,0.878983,-0.238606,-0.0763499
2020-09-14,1.16259,-0.304256,-0.0524095
2020-09-15,1.77491,0.468532,0.157672
2020-09-16,2.10113,0.647235,0.0728686
2020-09-17,4.65716,0.667422,0.019968
2020-09-18,1.52439,-0.0801577,-0.0183038
2020-09-19,1.11694,-0.162733,-0.0433523
2020-09-21,1.90259,0.454716,0.0886238
2020-09-22,2.45158,0.599421,0.031055
2020-09-23,2.37072,0.186022,0.0347106
2020-09-24,0.969115,-0.178296,-0.0522985
2020-09-25,1.56436,-0.256171,-0.0294029
2020-09-26,0.0717093,-0.442894,0.00244226
2020-09-28,1.52829,-0.0269208,-0.00873011
2020-09-29,1.38124,0.101782,0.0531128
2020-09-30,1.55326,0.0625925,0.0251824
2020-10-01,1.18417,0.0825113,0.0483375
2020-10-02,2.43885,0.69578,0.159718
2020-10-04,1.41891,-0.0824352,-0.0172554
2020-10-05,1.74239,0.276988,0.0774465
2020-10-06,2.45214,0.713712,0.219749
2020-10-07,1.73338,0.508885,0.171478
2020-10-08,1.51319,0.127085,0.0657712
2020-10-12,1.22681,0.245817,0.072753
2020-10-13,2.33215,0.19925,0.0978584
2020-10-14,2.19404,0.383937,0.0934389
2020-10-16,1.2657,-0.0702701,-0.00258587
2020-10-17,2.06653,0.262668,0.0853585
2020-10-18,1.67415,0.454305,0.122099
2020-10-19,2.95998,0.64761,0.0948127
2020-10-20,2.0293,1.02301,0.116773
2020-10-21,2.83634,0.274683,0.0732489
2020-10-23,0.684368,0.162966,0.0683773
2020-10-24,4.37488,0.108057,0.0331478
2020-10-25,0.680792,-0.0809376,0.0492435
2020-10-26,0.727987,0.0339031,0.0571763
2020-10-28,0.930904,0.216747,0.0704235
2020-10-29,2.32026,0.393503,0.100178
2020-10-30,1.41676,0.771113,-0.0197646
2020-11-04,1.96401,0.321051,0.11293
2020-11-07,1.62996,0.391769,0.140002
2020-11-08,2.93548,0.7098,0.215086
2020-11-09,3.34741,0.381,0.0134194
2020-11-10,2.03135,0.242544,0.0507018
2020-11-11,1.856,0.156518,0.0456225
2020-11-12,0.599636,-0.130421,0.0648842
2020-11-13,3.39147,0.778478,0.176725
2020-11-14,3.59922,0.863694,0.175617
2020-11-15,0.935812,-0.287484,0.105079
2020-11-17,3.72615,0.679941,0.214137
2020-11-18,3.93061,1.04938,0.241759
2020-11-19,2.64899,1.12097,0.255789
2020-11-21,3.94996,0.400944,0.0732556
2020-11-22,3.30758,0.258327,0.149297
2020-11-23,-0.121879,-0.121879,0.0478501
2020-11-24,1.05535,0.167632,0.0380186
2020-11-27,0.554208,-0.810136,0.0909621
2020-11-28,1.3966,0.151134,0.0904404
2020-11-30,0.343281,0.192832,0.0755285
2020-12-01,1.1255,-0.0103678,-0.0310755
2020-12-02,0.595344,-0.0882367,-0.0489333
2020-12-03,0.658574,-0.144165,0.127972
2020-12-08,0.537015,-0.14798,-0.0274647
2020-12-09,2.141,0.149867,0.0556217
2020-12-11,1.82594,0.597019,0.144979
2020-12-14,1.04851,-0.137542,0.0226204
2020-12-15,2.17272,0.195787,0.056669
2020-12-16,1.22522,0.237643,0.04648
2020-12-17,1.61141,0.0352535,-0.0246506
2020-12-18,0.601956,0.182593,0.10231
2020-12-19,0.332264,0.085326,0.0558455
2020-12-20,0.624564,0.0176277,0.0230657
2020-12-22,-0.401052,-0.401052,-0.0239938
2020-12-23,0.534834,0.0405914,0.03705
2020-12-25,0.221799,-0.0602077,0.0375688
2020-12-26,1.21749,0.376941,0.044126
2020-12-27,1.77581,0.264027,0.110749
2020-12-28,0.939506,-0.0349032,0.0424138
2020-12-29,1.24862,0.273219,0.0822517
2020-12-30,0.761044,0.761044,0.0435596
2020-12-31,0.770581,-0.0731749,0.0184663
2021-01-01,1.74118,0.354319,0.104388
2021-01-02,1.07863,0.0948986,0.0433478
2021-01-04,0.598679,-0.185678,0.046272
2021-01-05,0.823143,0.339728,0.0261649
2021-01-06,1.05148,0.507348,0.0410145
2021-01-11,1.47072,0.481998,0.0672092
2021-01-15,0.110579,0.110579,0.0566527
2021-01-16,0.926289,0.153085,0.0653279
2021-01-20,0.731808,-0.174421,-0.0699638
2021-01-23,1.58723,0.53752,-0.0248596
2021-01-25,1.03004,0.188041,0.049663
2021-01-31,2.1464,0.635851,0.0855601
2021-02-01,1.14095,0.0346426,0.0259995
2021-02-02,1.31559,0.261946,0.0609389
2021-02-05,0.588282,-0.188869,-0.0701156
2021-02-06,1.05976,-0.271043,-0.0795934
2021-02-07,0.381205,0.381205,-0.0322475
2021-02-09,1.69141,0.246688,0.0695702
2021-02-11,0.695765,-0.0934751,0.0370606
2021-02-12,1.3748,0.141365,0.0219857
2021-02-15,1.29419,0.290839,0.0717652
2021-02-16,0.972662,0.236614,0.13699
2021-02-20,1.04784,0.393739,0.0995533
2021-02-21,1.93347,0.0566957,0.0284808
2021-02-22,0.613066,-0.117809,-0.00729573
2021-02-25,0.912513,-0.135915,-0.0290007
2021-02-26,0.865728,-0.180052,-0.0599816
2021-02-27,0.518767,-0.0347296,0.041581
2021-02-28,0.599257,0.0664963,0.0219972
2021-03-01,1.3692,0.233529,0.0920091
2021-03-02,1.13992,-0.0567256,-0.0332754
2021-03-03,1.0437,-0.084663,0.0165397
2021-03-04,1.48433,-0.0303394,0.073217
2021-03-05,2.61899,0.579894,0.117532
2021-03-06,1.69193,0.254071,-0.0135497
2021-03-07,1.44101,0.126257,0.0247095
2021-03-09,1.0694,0.0775986,0.0299465
2021-03-10,1.39028,0.0127504,0.0119107
2021-03-11,1.03012,0.00489064,-0.000983031
2021-03-13,0.237808,-0.688603,-0.313253
2021-03-14,0.781539,0.144593,0.0770857
2021-03-15,0.769559,-0.0830202,-0.00916809
2021-03-16,1.59938,0.270491,0.0601418
2021-03-17,1.63416,0.175816,0.086344
2021-03-18,1.31485,0.0324179,0.00946627
2021-03-19,0.538866,-0.129014,-0.0368349
2021-03-20,1.48737,0.0788434,0.0363534
2021-03-21,0.893748,0.209019,0.114681
2021-03-22,1.23748,0.112331,0.00926166
2021-03-23,1.0704,-0.00878773,-0.00325334
2021-03-25,1.01647,0.0184728,0.0271559
2021-03-26,1.967,0.0601528,0.0262582
2021-03-27,0.430603,-1.09024,-0.321208
2021-03-28,1.62077,0.260885,0.0755872
2021-03-29,3.53147,0.523873,0.0861267
2021-03-30,0.466144,-0.347792,-0.0109611
2021-03-31,0.472626,-0.229176,-0.0599523
2021-04-04,-0.387457,-0.387457,0.213443
2021-04-05,0.695053,0.178746,0.0506184
2021-04-06,0.68533,0.137256,0.00223116
2021-04-07,1.34189,0.375405,0.0218045
2021-04-08,1.54597,0.388121,0.143598
2021-04-09,1.42302,0.0987647,0.0468575
2021-04-10,2.94824,0.557943,0.314145
2021-04-11,1.02732,0.582942,0.378411
2021-04-12,4.55489,0.653227,0.24869
2021-04-14,0.572299,-0.0581686,0.0340725
2021-04-15,2.5199,0.444893,0.194263
2021-04-16,2.71487,0.674819,0.283549
2021-04-17,4.07363,1.27274,0.398708
2021-04-18,4.20097,0.410924,0.144871
2021-04-19,3.77461,1.08423,0.24684
2021-04-20,7.59897,2.21979,0.665997
2021-04-21,4.86015,0.644217,0.185367
2021-04-22,5.91738,1.54573,0.451241
2021-04-23,2.30652,0.400104,0.124968
2021-04-24,2.20838,0.576377,0.189163
2021-04-25,3.06961,0.623607,0.216281
2021-04-26,3.68185,0.597603,0.214415
2021-04-27,6.50611,0.828795,0.269486
2021-04-28,4.01344,0.755195,0.101752
2021-04-29,5.48503,1.82489,0.275285
2021-04-30,2.76026,0.902904,0.197302
2021-05-01,2.9895,-0.00618049,-0.0123157
2021-05-02,1.24512,0.720618,0.0764141
2021-05-03,2.74139,0.684222,0.126562
2021-05-04,5.27499,0.596781,0.0745079
2021-05-05,7.21195,2.76029,0.220229
2021-05-06,6.75739,1.60109,0.481461
2021-05-07,1.33842,0.323066,0.101803
2021-05-08,4.32948,1.11349,0.309972
2021-05-09,3.19,0.911977,0.195415
2021-05-10,2.03616,0.484622,0.108292
2021-05-11,2.76273,0.559099,0.150644
2021-05-12,2.41888,0.524627,0.20768
2021-05-13,7.42623,1.21651,0.368451
2021-05-14,3.54353,0.843536,0.154081
2021-05-15,4.45791,1.09046,0.151427
2021-05-16,3.26456,0.813069,0.198469
2021-05-17,9.50689,1.13236,0.310369
2021-05-18,3.86938,0.959497,0.186432
2021-05-19,5.64283,1.24143,0.265218
2021-05-21,4.59176,1.189,0.269152
2021-05-22,4.67278,2.0859,0.57118
2021-05-23,5.83766,1.27832,0.339664
2021-05-24,5.50784,1.99393,0.526869
2021-05-25,4.46245,0.381114,0.0478364
2021-05-26,2.7643,0.27904,0.0296433
2021-05-27,2.0073,0.580646,0.133767
2021-05-28,4.82729,0.607792,0.113271
2021-05-29,2.6847,1.09355,0.13036
2021-05-30,2.44505,0.999212,0.258057
2021-05-31,2.2575,1.30434,0.163229
2021-06-01,3.69098,0.336482,0.102995
2021-06-02,7.28602,1.64459,0.389133
2021-06-03,5.08276,1.32682,0.341235
2021-06-04,2.31443,0.724988,0.0208185
2021-06-05,3.57315,1.04661,0.197556
2021-06-06,2.8244,0.57266,0.199125
2021-06-07,2.00778,0.427261,0.125197
2021-06-08,3.4147,0.469068,0.184235
2021-06-09,5.49153,0.970092,0.277507
2021-06-10,4.39314,0.862174,0.201254
2021-06-11,3.22483,1.42054,0.39179
2021-06-12,6.06183,0.983539,0.240842
2021-06-13,6.285,0.857657,0.314097
2021-06-14,1.00602,0.847254,0.0474778
2021-06-15,1.88518,0.534391,-0.00533551
2021-06-16,4.73699,0.459611,0.0852502
2021-06-17,3.14852,0.668136,0.110278
2021-06-18,4.83745,4.83745,1.27286
2021-06-19,0.574795,0.262033,0.0819787
2021-06-22,2.98164,0.832319,0.238688
2021-06-25,5.2096,0.952856,0.217972
2021-06-26,3.98346,0.572439,0.128197
2021-06-27,2.38472,1.33089,0.357155
2021-06-28,1.01131,0.734999,0.182295
2021-06-29,6.25428,1.66289,0.635366
2021-06-30,3.18464,1.60448,0.0835249
2021-07-02,3.74568,0.601484,0.0146939
2021-07-03,3.8916,0.791392,0.19711
2021-07-04,4.72853,0.759993,0.238035
2021-07-05,3.91603,0.607005,0.196241
2021-07-06,3.62741,0.64682,0.18897
2021-07-07,6.64669,2.30738,0.380869
2021-07-08,3.63601,0.701974,0.108204
2021-07-09,4.69483,1.02774,0.239203
2021-07-10,0.219791,-0.24402,0.0420905
2021-07-12,3.94943,0.412647,-0.0109555
2021-07-15,4.7805,0.490348,0.141266
2021-07-16,3.89947,0.98064,0.273674
2021-07-17,4.16573,1.02208,0.197831
2021-07-18,4.11378,0.93078,0.180515
2021-07-19,6.30547,2.06214,0.713758
2021-07-20,4.64515,1.77287,0.730696
2021-07-21,2.81606,0.610056,0.204103
2021-07-22,5.01073,1.28752,0.320187
2021-07-24,1.45156,0.826665,0.124246
2021-07-25,5.07275,1.06552,0.241918
2021-07-26,5.45724,1.10592,0.242188
2021-07-27,6.04065,1.21238,0.269271
2021-07-28,5.33942,0.973013,0.147364
2021-07-29,2.58942,0.702041,0.184829
2021-07-30,5.59331,0.873562,0.27798
2021-07-31,4.07751,0.861698,0.472144
2021-08-01,5.14756,1.01613,0.75257
2021-08-02,3.6012,1.12199,0.458979
2021-08-03,2.87522,0.754439,0.20308
2021-08-04,5.49338,0.847752,0.317391
2021-08-05,9.43163,4.7985,0.45597
2021-08-06,7.29847,0.897583,0.265106
2021-08-07,3.22092,0.691329,0.184972
2021-08-08,2.05233,0.363982,0.0793939
2021-08-09,3.65849,0.787081,0.181425
2021-08-10,3.28567,0.58827,0.10218
2021-08-11,9.10016,1.15976,0.382384
2021-08-12,4.90598,1.45766,0.387479
2021-08-13,1.24938,1.24938,-0.00514582
2021-08-14,3.51036,1.14643,0.204402
2021-08-15,1.82966,0.178862,0.11814
2021-08-16,3.67211,0.475932,0.0911019
2021-08-17,6.07566,1.2137,0.384937
2021-08-18,3.68651,1.18616,0.284312
2021-08-19,3.0691,1.22481,0.200199
2021-08-22,0.616694,-0.207828,-0.00853704
2021-08-23,4.72489,1.04332,0.297182
2021-08-24,2.77075,1.10126,0.164434
2021-08-25,2.77638,0.505617,0.144113
2021-08-26,4.97348,0.918806,0.249045
2021-08-27,7.31407,1.01777,0.354997
2021-08-28,4.05104,1.02115,0.276303
2021-08-29,2.57833,1.17123,0.0832958
2021-08-30,1.54479,1.11521,0.191328
2021-08-31,3.36073,0.574613,0.183088
2021-09-01,2.04317,0.738018,0.158297
2021-09-02,4.48998,1.09116,0.355559
2021-09-03,3.0174,1.15882,0.29283
2021-09-04,3.63095,1.00763,0.12698
2021-09-05,2.77262,0.228103,0.11426
2021-09-06,1.06581,-0.293693,0.143225
2021-09-07,0.900219,-0.26966,0.115459
2021-09-08,7.22771,1.32879,0.353485
2021-09-09,3.44801,0.822433,0.173126
2021-09-10,5.84027,1.55341,0.369262
2021-09-11,5.06196,0.143997,0.108747
2021-09-12,2.32072,1.38909,0.233756
2021-09-15,5.90033,1.1838,0.183008
2021-09-16,4.18754,0.418311,0.114506
2021-09-17,5.46856,0.578651,0.146641
2021-09-18,5.66695,1.19125,0.349738
2021-09-19,2.19661,0.581676,0.152184
2021-09-20,4.14872,1.47553,0.239422
2021-09-21,3.65441,0.769235,0.220982
2021-09-22,3.8869,0.562219,0.132069
2021-09-23,1.85631,0.469834,0.13736
2021-09-24,2.37975,0.864599,0.220757
2021-09-25,3.17641,0.664842,0.0943365
2021-09-26,0.271255,0.271255,0.00456657
2021-09-27,2.45349,0.133195,0.0407476
2021-09-28,1.22287,0.0284906,0.12441
2021-09-29,3.13022,0.890194,0.320786
2021-09-30,2.90691,0.748158,0.252565
2021-10-02,3.1842,0.570723,0.128915
2021-10-03,2.40509,0.370889,0.133931
2021-10-04,1.35226,0.307095,0.12772
2021-10-05,1.32193,0.325035,0.0623952
2021-10-06,2.94484,0.577598,0.119217
2021-10-07,1.08781,0.0313946,0.0336072
2021-10-08,0.956235,0.0675193,0.0416542
2021-10-09,5.75187,1.22566,0.481249
2021-10-10,3.93315,1.28094,0.272133
2021-10-11,0.677401,0.167169,0.121967
2021-10-12,1.39823,0.209392,0.0594064
2021-10-13,6.82501,1.745,0.456069
2021-10-14,5.28567,0.946267,0.297169
2021-10-15,3.59697,1.13679,0.290572
2021-10-16,3.46616,0.917448,0.229461
2021-10-17,2.24614,0.783341,0.129688
2021-10-18,3.23757,0.520402,0.152087
2021-10-19,1.21825,0.0586773,0.0277522
2021-10-20,1.44988,0.268395,0.0950633
2021-10-21,1.50058,0.499173,0.116415
2021-10-23,2.7134,1.17973,0.202383
2021-10-24,3.70804,0.536198,0.155958
2021-10-25,1.46973,0.379251,0.12283
2021-10-26,1.40559,0.390482,0.139506
2021-10-29,1.40824,0.235752,0.0756768
2021-10-30,2.44004,0.421007,0.138139
2021-10-31,0.7911,0.10974,0.0973642
2021-11-03,2.18309,0.128353,0.081362
2021-11-04,0.536454,-0.0810117,-0.0404161
2021-11-06,1.45572,0.335533,0.0211484
2021-11-08,1.7699,-0.305825,-0.0576228
2021-11-09,1.14367,0.0873104,0.113014
2021-11-10,0.673,0.136743,0.0729666
2021-11-13,0.835719,-0.197838,0.0176273
2021-11-14,0.959943,-0.103835,-0.0162331
2021-11-16,0.873215,0.171594,0.0890591
2021-11-17,1.26808,0.152331,0.0987612
2021-11-20,1.23267,0.0309576,0.0729218
2021-11-21,0.442821,0.141925,0.0664851
2021-11-24,2.11144,2.11144,0.0773991
2021-11-25,0.609191,-0.00483107,0.00652333
2021-11-26,0.62176,0.0908878,0.0568577
2021-11-28,0.441289,0.23504,0.107666
2021-11-29,0.452273,-0.265159,0.0459821
2021-11-30,1.57912,1.39785,0.0759187
2021-12-01,0.462234,-0.106195,-0.0153869
2021-12-02,0.728012,0.0831324,0.0506806
2021-12-03,1.36844,0.172276,0.0429032
2021-12-05,1.09126,0.50333,0.0947248
2021-12-06,0.270077,0.270077,-0.0270699
2021-12-08,1.11337,0.354298,0.11142
2021-12-09,2.45826,0.414903,0.0758847
2021-12-10,1.37547,-0.306351,-0.0726606
2021-12-11,0.881652,-0.170089,-0.0351523
2021-12-12,0.529881,0.0281067,-0.00899332
2021-12-13,1.36298,0.216188,0.080405
2021-12-15,0.640011,-0.083137,0.0125372
2021-12-16,1.10901,0.0047745,0.0197432
2021-12-17,0.600548,-0.117887,0.00466775
2021-12-18,0.254154,-0.329992,0.000399822
2021-12-19,0.944445,0.130626,0.0570078
2021-12-20,2.43415,0.342567,-0.0326494
2021-12-22,1.36556,0.102149,0.0322066
2021-12-23,0.35152,-0.413323,-0.039031
2021-12-24,1.03292,0.187386,0.0711529
2021-12-25,2.21522,2.21522,-0.00798701
2021-12-26,0.581512,-0.139335,0.0280883
2021-12-27,0.734561,-0.0445872,-0.0172844
2021-12-28,0.457556,-0.289563,-0.0909763
2021-12-31,0.5208,-0.254042,-0.0375738
2022-01-02,0.643789,-0.223214,-0.0614675
2022-01-03,0.331578,-0.0581417,-0.0176018
2022-01-04,2.35731,0.100814,0.0110351
2022-01-05,1.01313,-0.153537,-0.0466414
2022-01-06,0.436855,-0.0202522,0.0239687
2022-01-07,0.480987,-0.124441,-0.0353695
2022-01-08,1.36228,0.307625,0.153595
2022-01-10,1.59686,0.221475,0.00606316
2022-01-11,1.14733,0.0767473,0.0531093
2022-01-12,1.69489,0.338198,0.0892111
2022-01-13,0.640156,-0.243495,-0.0180043
2022-01-14,0.68115,-0.203459,-0.0396421
2022-01-17,0.662757,0.068102,0.0642065
2022-01-21,1.02785,0.172137,0.0607408
2022-01-22,0.66302,0.188687,0.0406967
2022-01-23,2.2383,0.101261,0.0856247
2022-01-24,0.532612,0.0355515,0.0568793
2022-01-25,0.926763,0.0124455,-0.00787979
2022-01-26,0.536844,-0.0854838,-0.00480529
2022-01-27,1.05948,-0.108966,-0.0301375
2022-01-28,1.19623,0.0380737,0.014297
2022-01-29,0.245384,-0.344546,0.0175434
2022-01-30,0.721308,-0.238112,-0.022906
2022-01-31,0.37675,-0.246083,-0.0338268
2022-02-01,1.51752,0.0686421,0.0243472
2022-02-02,1.3079,0.248934,0.0980839
2022-02-03,3.73491,0.381194,0.0971463
2022-02-04,3.78045,1.08684,0.445845
2022-02-06,1.14964,0.159713,0.0532953
2022-02-07,1.00592,0.204418,0.05751
2022-02-09,0.41759,-0.216449,-0.029694
2022-02-11,1.84014,0.128848,0.0355536
2022-02-15,1.30106,-0.0200597,-0.036906
2022-02-16,3.61831,0.607819,0.0387026
2022-02-17,1.6512,0.691345,0.105659
2022-02-18,0.560989,0.560989,0.0917297
2022-02-19,0.66595,0.0679031,0.0701965
2022-02-20,1.26161,-0.000670493,0.00974672
2022-02-21,1.25873,0.0798643,0.021489
2022-02-22,1.26286,0.0645511,0.0193927
2022-02-23,0.925565,0.219899,0.0926781
2022-02-24,1.43942,-0.0421692,0.00606209
2022-02-26,0.533337,-0.0601991,-0.000289601
2022-02-28,0.729507,-0.168961,-0.00792642
2022-03-02,0.640922,-0.0555789,0.0168879
2022-03-03,0.765367,-0.00514029,-0.0125507
2022-03-06,0.296538,0.0831675,0.0037589
2022-03-08,0.401613,-0.177629,-0.00836297
2022-03-10,1.09469,-0.107544,-0.0364549
2022-03-11,0.690003,0.00956209,0.0368498
2022-03-12,0.591778,-0.120622,-0.00441202
2022-03-13,0.695599,-0.0743906,-0.0262462
2022-03-14,1.4868,0.281201,0.106677
2022-03-16,1.34013,-0.0113666,-0.00304429
2022-03-17,3.16763,0.533644,0.11966
2022-03-18,0.15902,0.15902,-0.00426717
2022-03-19,0.653282,-0.0463651,-0.0149319
2022-03-20,0.779962,0.0221172,0.0489073
2022-03-21,0.779808,-0.031233,-0.017433
2022-03-22,0.707977,0.0699663,0.0692527
2022-03-23,0.703638,-0.185265,0.043184
2022-03-24,5.46329,0.856412,0.394629
2022-03-25,1.539,0.555383,0.144279
2022-03-27,0.623518,0.123644,0.0675562
2022-03-28,1.57907,-0.0289201,0.0475548
2022-03-29,1.52011,0.149509,0.0597685
2022-03-30,1.15747,0.234921,0.068758
2022-03-31,0.882296,0.179366,0.0305585
2022-04-01,0.4389,-0.0156938,0.0611348
2022-04-02,0.503841,0.00147192,0.00577973
2022-04-04,0.837108,0.144519,0.0840114
2022-04-05,1.46668,0.0797659,0.0430284
2022-04-06,0.539934,0.0753612,0.0375661
2022-04-07,0.541652,-0.178754,-0.00774211
2022-04-08,0.172643,0.011903,0.0130337
2022-04-09,0.796968,0.0973307,0.0525953
2022-04-10,1.00269,0.206046,0.0706463
2022-04-11,0.753308,-0.0107464,-0.00151651
2022-04-12,0.721776,-0.154095,-0.0580732
2022-04-13,0.952074,0.2096,0.0768836
2022-04-14,3.35502,0.744534,0.262698
2022-04-15,4.34277,1.32999,0.360789
2022-04-16,1.96632,0.290317,0.102278
2022-04-17,1.76303,0.139212,0.162425
2022-04-18,5.46003,0.690386,0.178951
2022-04-19,5.04478,0.541432,0.259811
2022-04-23,10.6192,3.26612,2.02247
2022-04-24,1.1054,0.537461,2.02202
2022-04-25,7.33627,2.40191,1.32448
2022-04-27,0.729558,0.00429574,0.0313777
2022-04-29,1.6108,0.0183041,0.0626761
2022-04-30,8.32976,1.02048,0.323294
2022-05-03,1.27367,0.350728,0.00932105
2022-05-05,4.21753,1.05071,0.32974
2022-05-06,2.42637,1.01944,0.0958083
2022-05-07,3.90256,1.72267,0.561063
2022-05-08,2.19808,0.570648,0.0882479
2022-05-09,5.16762,1.04677,0.251868
2022-05-10,4.70606,1.21069,0.301395
2022-05-11,6.43584,1.34626,0.425179
2022-05-13,1.98108,0.241769,0.091445
2022-05-14,2.98041,0.540811,0.206327
2022-05-15,7.30392,1.17408,0.42953
2022-05-16,2.18109,0.586395,0.292828
2022-05-17,2.56049,0.533739,0.155142
2022-05-19,3.83098,0.846564,0.231787
2022-05-20,2.28227,0.38023,0.376942
2022-05-21,11.4792,2.72659,0.905636
2022-05-23,5.5547,1.63465,0.20448
2022-05-24,3.32476,0.8236,0.105291
2022-05-25,2.32835,1.23111,0.0654269
2022-05-27,9.92601,2.2458,0.687635
2022-05-29,1.02267,1.02267,-0.0219465
2022-06-01,1.18579,0.272507,0.0628673
2022-06-02,1.58147,0.208197,0.184325
2022-06-03,1.62918,0.284344,0.0350129
2022-06-04,3.7639,1.42545,0.453205
2022-06-05,4.86299,0.986565,0.324627
2022-06-06,6.68144,1.67201,0.326735
2022-06-07,3.85062,0.971224,0.0899609
2022-06-08,3.98457,2.24137,-0.0537355
2022-06-10,7.07835,1.60366,0.429616
2022-06-11,5.14656,1.89107,0.408166
2022-06-12,1.342,0.717587,0.163496
2022-06-13,0.618549,0.618549,0.0837822
2022-06-14,4.09415,1.52591,0.381911
2022-06-18,6.71741,1.96074,0.261319
2022-06-19,5.94961,1.6501,0.259511
2022-06-20,7.09075,1.59835,0.451486
2022-06-21,5.77956,0.936836,0.253614
2022-06-22,5.21821,1.16846,0.321814
2022-06-23,1.78653,0.738008,0.0957075
2022-06-25,6.25377,1.58038,0.270738
2022-06-26,-0.609601,-0.609601,0.286249
2022-06-27,2.71569,0.552705,0.169122
2022-06-28,4.46033,1.91644,0.438047
2022-06-29,4.19427,0.811368,0.118742
2022-06-30,2.87237,0.593783,0.144553
2022-07-01,5.16276,1.58977,0.380287
2022-07-02,4.97365,0.852844,0.215024
2022-07-03,1.77198,0.597045,0.15682
2022-07-04,2.37637,0.770147,0.14499
2022-07-05,3.60921,0.606355,0.119205
2022-07-07,7.23315,1.80837,0.582929
2022-07-08,2.23192,0.265734,0.0998391
2022-07-09,1.93008,0.459885,0.129755
2022-07-10,4.20686,1.36584,0.238435
2022-07-11,2.61098,0.956271,0.250957
2022-07-12,3.49397,0.732619,0.181105
2022-07-14,3.08554,0.847194,0.116968
2022-07-15,2.53077,0.321351,0.0576762
2022-07-17,5.36111,1.3272,0.16567
2022-07-18,7.93486,1.76471,0.550845
2022-07-19,5.25881,0.756749,0.2764
2022-07-20,4.58047,0.927362,0.214448
2022-07-21,4.04394,0.679651,0.128457
2022-07-22,2.26931,1.17363,0.120005
2022-07-23,5.54502,1.01363,0.284094
2022-07-24,12.2927,1.90586,0.713839
2022-07-25,4.14689,1.82562,0.441229
2022-07-26,0.62678,0.111838,0.560689
2022-07-27,10.869,2.53253,0.495264
2022-07-28,3.70422,0.440636,0.0214926
2022-07-29,3.62221,0.826458,0.198094
2022-07-30,2.64818,0.685549,0.173784
2022-07-31,3.86984,0.759501,0.150625
2022-08-01,2.48762,0.971404,0.173662
2022-08-02,4.8744,0.881403,0.240012
2022-08-03,6.04664,1.59827,0.506682
2022-08-04,10.8517,1.92849,0.591604
2022-08-05,7.63374,4.59104,0.661665
2022-08-06,5.12656,1.95276,0.268449
2022-08-07,1.92372,0.43029,0.122704
2022-08-08,4.95845,0.974872,0.358549
2022-08-09,6.89388,1.68048,0.588775
2022-08-10,3.34751,0.838274,0.239789
2022-08-11,2.92243,0.44117,0.122789
2022-08-12,3.82947,1.00247,0.295784
2022-08-13,5.41371,1.30442,0.442813
2022-08-14,4.59588,0.787755,0.188046
2022-08-15,4.18496,1.06337,0.362599
2022-08-16,3.14071,0.745005,0.198239
2022-08-17,5.28382,1.22648,0.224554
2022-08-18,3.53354,0.446501,0.132131
2022-08-19,5.44435,0.326899,0.11438
2022-08-20,2.80908,0.502038,0.128447
2022-08-22,1.85649,0.470418,0.20095
2022-08-23,3.25469,0.502051,0.135485
2022-08-24,8.14287,1.43745,0.369133
2022-08-25,4.06108,0.789551,0.291538
2022-08-26,3.5186,0.928874,0.144737
2022-08-27,2.47959,0.885929,0.146995
2022-08-28,5.3148,2.96913,0.306585
2022-08-29,2.67746,0.773301,0.282567
2022-08-30,1.94489,0.098532,0.102594
2022-08-31,6.04028,1.22403,0.284735
2022-09-01,1.97745,0.606249,0.116905
2022-09-02,9.43996,1.52725,0.310114
2022-09-03,0.572036,0.301949,0.0816542
2022-09-04,0.841043,-0.0455298,0.00595603
2022-09-05,3.1858,0.75901,0.228803
2022-09-06,5.79597,1.57458,0.290002
2022-09-07,3.98593,0.998137,0.182888
2022-09-09,-0.224625,-0.9013,0.0885331
2022-09-10,6.7272,1.43511,0.491271
2022-09-11,11.6709,2.14675,0.603073
2022-09-13,3.61817,0.0390252,0.0025298
2022-09-14,2.27345,0.629578,0.13562
2022-09-15,8.34337,1.25252,0.44731
2022-09-16,2.95328,1.0669,0.307971
2022-09-17,2.94715,0.498862,0.141198
2022-09-18,2.46105,0.64806,0.110092
2022-09-19,6.07385,1.22342,0.296328
2022-09-20,6.40773,0.889108,0.276108
2022-09-21,4.1567,0.662883,0.190746
2022-09-22,2.53853,0.620382,0.134647
2022-09-23,2.57125,0.954849,0.109167
2022-09-24,3.76992,0.836499,0.20645
2022-09-25,3.61396,0.468165,0.155264
2022-09-26,2.27354,0.389273,0.137596
2022-09-27,3.73974,1.40567,0.239121
2022-09-28,3.77943,0.81718,0.184691
2022-09-29,2.5724,0.55872,0.13054
2022-09-30,2.35165,0.269127,0.0903089
2022-10-01,2.80357,0.388873,0.116837
2022-10-02,2.71417,0.940596,0.100083
2022-10-03,2.09283,0.694343,0.196239
2022-10-04,1.98398,0.176911,0.0524719
2022-10-06,1.73474,1.28771,0.418668
2022-10-07,-0.458402,-0.458402,0.0883772
2022-10-08,0.638879,0.00412057,0.0673387
2022-10-10,-0.16028,-0.16028,0.0393385
2022-10-11,2.18963,1.20209,0.0921325
2022-10-12,5.23094,0.519745,0.274851
2022-10-13,1.23468,0.139518,0.0557825
2022-10-15,1.15758,0.246061,0.0568384
2022-10-16,4.90634,1.06291,0.45503
2022-10-17,3.51542,0.656737,0.207563
2022-10-19,1.16724,0.862639,0.0278353
2022-10-20,0.579531,0.0112327,0.0242884
2022-10-22,2.66217,0.205998,0.143106
2022-10-23,2.33119,0.198162,0.13044
2022-10-24,1.73306,1.23354,0.107008
2022-10-26,2.66738,1.11597,0.135488
2022-10-27,2.68354,0.185511,0.0809871
2022-10-28,3.12616,0.649637,0.182504
2022-10-29,2.32929,0.553568,0.15389
2022-10-30,3.20728,0.558562,0.0137539
2022-10-31,2.22071,0.189345,0.0221553
2022-11-01,3.93794,0.411784,0.144936
2022-11-02,3.84566,0.679135,0.272898
2022-11-03,8.09197,1.79336,0.54875
2022-11-04,1.86948,0.368839,0.135769
2022-11-06,4.19557,0.465682,0.167269
2022-11-07,14.7204,2.52974,0.648275
2022-11-10,3.249,0.626015,0.0837873
2022-11-14,3.05463,1.53651,0.484203
2022-11-15,1.66408,0.614391,0.0910709
2022-11-16,2.81221,0.257746,0.132784
2022-11-18,1.6639,0.310879,0.0989962
2022-11-19,0.844784,0.0593624,0.0770024
2022-11-20,2.21395,0.173448,0.073033
2022-11-21,1.50924,0.216633,0.0843793
2022-11-22,0.945,0.036988,0.048929
2022-11-23,1.47669,-0.00285542,0.040598
2022-11-24,0.478569,-0.00882237,0.0863436
2022-11-25,2.10442,0.859177,0.153225
2022-11-26,1.38851,-0.0251981,0.0733953
2022-11-27,3.06434,0.206651,0.0725022
2022-11-28,7.43956,0.946351,0.30556
2022-11-29,2.82214,0.48951,0.20588
2022-11-30,1.94259,0.417567,0.020307
2022-12-01,1.72453,0.297331,0.0783607
2022-12-02,1.2443,0.0909452,0.0297812
2022-12-03,-0.177063,-0.177063,0.0476636
2022-12-04,1.07137,-0.0124754,0.0442362
2022-12-05,1.45968,0.33128,0.0894475
2022-12-07,4.19668,1.58236,0.0983969
2022-12-08,0.562728,-0.0142412,0.0304824
2022-12-10,1.16103,0.144598,0.0688958
2022-12-14,0.848526,0.0020657,0.000809848
2022-12-15,0.885703,0.164837,0.0879291
2022-12-16,1.08667,0.269371,0.0821894
2022-12-17,3.81205,0.837452,0.15907
2022-12-18,1.44999,0.317764,0.102884
2022-12-19,1.60309,0.0513346,0.0222093
2022-12-20,1.65121,0.17534,0.045749
2022-12-21,0.282374,0.211466,0.0553086
2022-12-24,0.935197,0.286276,0.0903178
2022-12-29,-0.335206,-0.713116,0.0537245
2022-12-30,0.957933,0.380392,0.0402757
2023-01-02,1.85902,-0.13221,0.0340392
2023-01-04,1.33587,0.199333,0.109648
2023-01-05,1.17017,0.113224,0.0761564
2023-01-06,0.615023,0.0885047,0.0333773
2023-01-07,0.661984,0.155799,0.0743732
2023-01-08,0.28025,0.0605627,-0.0158173
2023-01-09,0.981797,-0.0155142,-0.0063912
2023-01-10,2.81567,-0.0703366,0.01893
2023-01-11,2.27092,0.043897,0.0487055
2023-01-12,1.50459,0.382025,0.16829
2023-01-13,2.88936,0.595219,0.103401
2023-01-14,1.73475,0.0945899,0.0357898
2023-01-15,1.79803,0.0456601,0.0194309
2023-01-16,0.509905,0.0623576,0.0264075
2023-01-19,1.94424,1.34985,0.193079
2023-01-20,1.81401,0.0936734,0.0740518
2023-01-21,3.40341,0.313723,0.115505
2023-01-22,1.93313,0.433654,0.096478
2023-01-23,0.460139,-0.343934,-0.0393761
2023-01-24,0.587566,-0.0130025,-0.01936
2023-01-26,2.01728,0.361362,0.123954
2023-01-27,0.710302,0.0141292,0.101038
2023-01-30,7.07929,0.784298,0.181094
2023-02-02,0.602731,-0.0855271,0.148643
2023-02-03,4.0656,1.78325,0.106438
2023-02-05,0.644142,-0.218193,-0.0847007
2023-02-06,2.06524,0.141433,0.0835995
2023-02-07,1.00673,0.0841496,0.0951872
2023-02-08,1.74027,0.259755,0.038967
2023-02-09,-0.487582,-0.487582,0.0106507
2023-02-10,0.792094,0.211571,0.0936965
2023-02-11,0.455898,0.444928,0.0410488
2023-02-14,2.93599,0.979236,-0.0504488
2023-02-15,1.26478,0.202876,0.0584688
2023-02-16,0.945279,0.237963,0.0575372
2023-02-17,1.0575,0.120054,0.0790356
2023-02-18,2.13121,0.398544,0.11757
2023-02-19,0.484687,-0.0223978,0.0713979
2023-02-20,0.547854,-0.0309143,0.00637758
2023-02-22,1.51209,0.169086,0.0669319
2023-02-23,1.1248,-0.162342,-0.00269304
2023-02-26,2.10352,0.481111,0.101474
2023-03-01,0.706392,0.191127,-0.0266602
2023-03-03,1.65542,0.112459,0.0448381
2023-03-04,1.08107,0.0761882,0.02273
2023-03-05,1.16545,0.0587299,0.0295703
2023-03-06,1.16051,0.250119,0.110448
2023-03-07,1.33858,0.166188,0.0600319
2023-03-08,1.7415,0.207049,0.0717156
2023-03-09,6.479,1.58062,0.388714
2023-03-10,54.8631,5.53109,1.48727
2023-03-11,5.14963,0.989491,0.277222
2023-03-12,1.47378,0.271612,0.128393
2023-03-13,4.61888,1.80326,0.377416
2023-03-14,5.88867,1.20837,0.286901
2023-03-15,1.52024,-0.135773,-0.0335407
2023-03-16,2.33438,0.284806,0.0566926
2023-03-17,1.84948,0.397029,0.0746468
2023-03-18,5.851,1.03769,0.171886
2023-03-19,0.876581,-0.34714,-0.0737326
2023-03-20,1.04743,-0.0724662,-0.0284763
2023-03-21,3.58033,0.683606,0.191648
2023-03-22,1.95502,0.635776,0.203134
2023-03-23,4.66934,1.85989,0.191635
2023-03-24,2.27182,0.201832,-0.00106195
2023-03-25,0.660287,-0.176428,0.048232
2023-03-26,1.04769,-0.136265,-0.0290924
2023-03-27,0.474756,-0.119564,-0.0509881
2023-03-29,0.737216,0.0542064,-0.0304799
2023-03-30,0.186322,-0.256289,0.0849717
2023-03-31,0.675982,-0.00186741,0.00875622
2023-04-02,1.23558,0.32691,0.151674
2023-04-03,1.92179,1.00156,0.0239279
2023-04-04,0.663992,0.0457127,0.0482103
2023-04-05,1.45703,0.115494,0.048563
2023-04-06,0.996763,0.147565,0.0810183
2023-04-07,1.40136,0.153597,0.0721083
2023-04-08,1.41112,0.105291,0.0388872
2023-04-09,1.17867,0.180699,0.0598016
2023-04-10,0.463737,0.333224,0.0158036
2023-04-11,1.67098,0.160887,0.0980794
2023-04-12,1.53716,0.175326,0.0494115
2023-04-13,0.798586,0.0884704,0.0764247
2023-04-14,0.93174,0.130047,0.0545238
2023-04-15,1.3187,0.160361,0.0702189
2023-04-16,0.50111,-0.0089833,-0.00774174
2023-04-17,1.21275,0.0757341,0.0361282
2023-04-18,1.37371,0.392123,0.161324
2023-04-19,2.58377,0.5501,0.13009
2023-04-20,2.67998,0.367403,0.106922
2023-04-21,2.68486,0.486696,0.130852
2023-04-22,3.90801,0.708111,0.224786
2023-04-23,2.25986,0.692484,0.166906
2023-04-24,3.02255,0.327693,0.0306258
2023-04-25,2.35337,0.347765,0.0613581
2023-04-26,1.81004,0.533548,0.112536
2023-04-27,3.09857,0.855885,0.24426
2023-04-28,2.04695,0.369082,0.111138
2023-04-29,1.23721,0.400293,0.0834804
2023-04-30,0.976923,0.0760907,0.0311843
2023-05-01,2.46193,0.437506,0.112459
2023-05-02,3.37824,0.993461,0.231412
2023-05-03,3.11075,0.825807,0.213047
2023-05-04,3.00025,1.3157,0.255223
2023-05-05,3.42651,0.245601,0.0202168
2023-05-07,1.82673,0.479713,0.127914
2023-05-08,1.13251,0.326722,0.0526532
2023-05-09,1.68631,0.592098,0.109212
2023-05-10,3.53972,0.868457,0.147373
2023-05-11,1.80063,0.315779,0.0745132
2023-05-12,3.58663,0.656058,0.138602
2023-05-13,3.71004,0.588646,0.203641
2023-05-14,2.90331,0.665584,0.163318
2023-05-15,2.64799,0.244941,0.0430598
2023-05-16,1.56,0.267709,0.0572925
2023-05-17,1.81636,0.3312,0.0955984
2023-05-18,1.38159,0.148553,0.0606292
2023-05-19,2.24324,0.774577,0.164825
2023-05-20,2.87972,0.750314,0.16352
2023-05-21,0.227469,-0.526908,0.111506
2023-05-22,1.43482,0.386369,0.129294
2023-05-23,1.67152,0.517492,0.182056
2023-05-24,2.66646,0.723942,0.221801
2023-05-25,2.0963,0.797807,0.239647
2023-05-26,2.29297,0.876239,0.101707
2023-05-27,1.93665,0.395974,0.0463219
2023-05-28,2.99999,0.755126,0.134774
2023-05-29,4.0966,0.710499,0.192687
2023-05-30,3.09887,0.600996,0.20382
2023-05-31,1.49017,0.0870258,0.0199219
2023-06-01,3.12812,0.657906,0.152056
2023-06-02,3.28799,0.893754,0.233281
2023-06-03,1.7975,0.663729,0.199387
2023-06-04,1.37328,0.179995,0.0607304
2023-06-05,2.06046,0.342419,0.0963188
2023-06-08,1.65315,0.361665,0.0121217
2023-06-09,4.18674,0.597259,0.169021
2023-06-10,4.85317,1.37529,0.412351
2023-06-11,3.0093,0.442217,0.0763886
2023-06-12,2.90311,0.732177,0.0326737
2023-06-13,1.82946,0.494448,0.108269
2023-06-14,3.54399,2.34141,0.0986302
2023-06-15,3.82026,1.22332,0.162241
2023-06-17,4.25169,0.906853,0.116941
2023-06-18,2.61052,0.651152,0.0977347
2023-06-19,2.05219,0.490237,0.0977061
2023-06-20,4.6124,0.832854,0.286787
2023-06-21,2.04158,0.35967,0.0207935
2023-06-22,2.29249,0.481405,0.0537447
2023-06-23,2.83111,1.1696,0.198936
2023-06-24,6.61699,1.20078,0.404171
2023-06-25,7.34105,0.64896,0.197791
2023-06-26,1.95434,0.112348,0.0268277
2023-06-27,3.67137,0.914725,0.122642
2023-06-28,2.20625,0.911591,0.190106
2023-06-29,1.40013,0.379773,0.117836
2023-06-30,2.0825,0.778067,0.23615
2023-07-01,0.926906,0.250497,0.0833404
2023-07-02,1.99851,0.155597,0.0157023
2023-07-03,1.19509,0.335682,0.0489615
2023-07-04,3.62737,0.83381,0.289096
2023-07-05,3.67812,0.94015,0.295528
2023-07-06,0.0412019,-0.170993,0.192979
2023-07-07,3.07456,1.2253,0.120789
2023-07-08,3.98838,0.618637,0.114623
2023-07-09,1.41129,0.370577,0.0684905
2023-07-11,2.46132,0.422649,0.0445284
2023-07-12,2.75,1.32509,0.360139
2023-07-13,3.65054,1.95356,0.310457
2023-07-14,0.964535,0.175282,0.0223718
2023-07-15,1.62606,0.428344,0.207408
2023-07-16,2.66613,0.659677,0.127036
2023-07-17,3.23219,1.37115,0.338936
2023-07-18,3.42281,0.586834,0.124965
2023-07-19,2.20693,0.389012,0.0848991
2023-07-20,5.90963,1.81144,0.312509
2023-07-21,2.2888,0.477598,0.107899
2023-07-22,5.53914,1.09124,0.312432
2023-07-23,4.21995,0.706445,0.172454
2023-07-25,2.57421,0.870119,0.261185
2023-07-26,4.38389,0.969021,0.253223
2023-07-27,9.86043,1.81208,0.466325
2023-07-28,2.54189,0.823658,0.233891
2023-07-29,4.86026,1.45048,0.221282
2023-07-30,2.54589,0.484824,0.081238
2023-07-31,2.06075,0.499262,0.109801
2023-08-01,1.93308,0.557393,0.160806
2023-08-02,1.82227,0.443586,0.088408
2023-08-03,1.36955,0.0654709,0.0248355
2023-08-04,3.04766,0.942627,0.079104
2023-08-05,1.86433,0.494965,0.128369
2023-08-06,1.943,0.418824,0.136389
2023-08-07,1.63246,0.491104,0.170546
2023-08-08,1.71119,0.478031,0.126804
2023-08-09,2.47587,0.417433,0.0682723
2023-08-10,2.17421,0.490608,0.102669
2023-08-11,1.53438,0.388592,0.0935675
2023-08-12,1.74664,0.516055,0.141016
2023-08-13,2.11054,0.627911,0.139823
2023-08-14,4.43939,1.0024,0.0791691
2023-08-15,2.26546,0.296382,0.0684735
2023-08-16,1.19655,0.272848,0.0894432
2023-08-17,1.18387,0.306756,0.100636
2023-08-18,1.48633,0.286593,0.0979205
2023-08-19,1.79796,0.337048,0.0733491
2023-08-20,1.32071,0.0517682,0.0131491
2023-08-21,1.65453,0.20424,0.0657904
2023-08-22,2.47154,0.831078,0.262877
2023-08-23,6.56782,1.18719,0.367969
2023-08-24,4.19869,0.994686,0.231608
2023-08-25,3.65568,1.2106,0.202593
2023-08-26,2.42651,0.640986,0.168817
2023-08-27,1.90742,0.338399,0.0866092
2023-08-28,1.13375,0.333921,0.0752622
2023-08-29,2.9403,0.836875,0.175275
2023-08-30,6.17876,1.31927,0.131558
2023-08-31,2.32025,0.278371,0.0445182
2023-09-01,1.68328,0.321295,0.0753472
2023-09-02,2.21952,0.399509,0.0872559
2023-09-03,2.9749,0.88452,0.180083
2023-09-04,2.90632,0.294922,0.0349477
2023-09-05,4.03637,0.3529,0.0542228
2023-09-06,1.39766,0.0520739,0.0131696
2023-09-07,1.56623,0.0278342,0.00129869
2023-09-08,3.19839,0.758643,0.172599
2023-09-09,2.05591,0.361211,0.0824109
2023-09-10,7.38374,1.44779,0.268409
2023-09-11,2.60041,0.485808,0.112185
2023-09-12,1.71618,0.418258,0.121654
2023-09-13,5.07583,0.976958,0.324445
2023-09-14,1.662,0.355554,0.0859331
2023-09-15,2.07265,0.672525,0.162139
2023-09-16,2.79604,0.223014,0.0408364
2023-09-17,3.39678,0.461381,0.136828
2023-09-18,2.0064,0.31995,0.111564
2023-09-19,1.3171,0.614815,0.10695
2023-09-20,6.35561,1.16686,0.169406
2023-09-21,1.18225,0.23588,-0.0176591
2023-09-22,2.258,0.175484,0.045279
2023-09-23,5.46682,0.400941,0.121484
2023-09-24,1.1781,0.161994,0.0859517
2023-09-25,2.21794,0.277473,0.0724308
2023-09-26,6.84509,1.12725,0.13987
2023-09-27,3.00584,0.980578,0.206461
2023-09-28,3.39166,0.660467,0.18902
2023-09-29,4.59946,1.25711,0.366069
2023-09-30,3.67326,0.971976,0.254012
2023-10-01,4.04012,0.881672,0.152729
2023-10-02,1.5249,0.0878317,0.0223395
2023-10-03,3.92117,0.765349,0.201375
2023-10-04,5.34123,0.941617,0.298488
2023-10-05,3.54233,0.705752,0.212451
2023-10-06,4.3536,0.901825,0.214053
2023-10-07,1.99654,0.536342,0.10912
2023-10-08,2.58252,0.203249,0.0610813
2023-10-09,2.72587,0.246512,0.0755755
2023-10-10,4.01023,0.868417,0.235191
2023-10-11,2.32488,0.818536,0.202804
2023-10-12,5.00458,0.358378,0.0102922
2023-10-13,2.04645,0.412705,0.107045
2023-10-14,3.76664,0.549743,0.174647
2023-10-15,4.3293,0.883952,0.281382
2023-10-16,4.29935,1.12907,0.348467
2023-10-17,3.79439,1.03418,0.188494
2023-10-18,2.49172,0.804371,0.18144
2023-10-19,3.93499,0.0942285,0.0254292
2023-10-20,5.01151,0.741852,0.198372
2023-10-21,3.2905,1.31639,0.328985
2023-10-22,5.01948,1.92442,0.331332
2023-10-23,4.6679,0.648898,0.0992121
2023-10-24,2.3623,0.351583,0.0866953
2023-10-25,3.95618,0.558537,0.181781
2023-10-26,7.06524,1.61551,0.549299
2023-10-27,3.35474,0.691204,0.186708
2023-10-28,2.46095,0.452836,0.0426284
2023-10-29,1.87806,0.536714,0.133213
2023-10-30,4.05284,0.74884,0.226717
2023-10-31,5.02116,1.33561,0.438838
2023-11-01,6.67137,1.36979,0.319459
2023-11-02,3.36661,0.904634,0.145213
2023-11-03,1.9107,0.493087,0.091567
2023-11-06,4.64392,1.36188,0.296507
2023-11-07,3.77644,1.09288,0.250169
2023-11-08,2.25586,0.407395,0.0822864
2023-11-09,1.2021,-0.0289877,-0.00844027
2023-11-10,2.02605,0.407249,0.155332
2023-11-11,1.11195,0.745205,0.0961643
2023-11-12,2.93979,0.753582,0.185627
2023-11-13,2.32307,0.779175,0.121008
2023-11-15,8.09929,0.946143,0.341984
2023-11-16,4.62841,1.22975,0.367852
2023-11-17,3.89232,1.91436,0.296109
2023-11-18,4.46629,1.72329,0.283994
2023-11-19,1.63097,0.408478,0.0805763
2023-11-20,3.81472,0.744281,0.180884
2023-11-21,9.61862,1.74994,0.519905
2023-11-26,2.35198,0.634074,0.608212
2023-11-28,8.76284,3.02286,0.534442
2023-11-29,2.41162,2.41162,0.0528659
2023-11-30,10.3283,1.95768,0.460989
2023-12-02,0.639993,-0.1037,0.0650498
2023-12-05,9.8179,2.1551,0.396036
2023-12-06,3.53623,0.594106,0.164359
2023-12-07,0.82463,0.219256,0.302247
2023-12-08,0.812513,0.274763,0.19034
2023-12-10,0.616832,0.616832,0.0763247
2023-12-11,4.47357,0.529164,0.143759
2023-12-12,2.81422,0.345048,0.130702
2023-12-13,5.36302,1.07296,0.372757
2023-12-14,3.71215,0.833184,0.304647
2023-12-15,2.41406,0.467032,0.137404
2023-12-16,1.37677,0.116783,0.0358376
2023-12-17,0.69959,0.0311484,0.010349
2023-12-18,1.32521,0.276998,0.104901
2023-12-19,0.955387,0.221239,0.0701507
2023-12-20,1.60711,0.171056,0.0573252
2023-12-21,1.94061,0.306152,0.0846769
2023-12-22,1.47032,-0.102241,-0.0196539
2023-12-23,0.579674,0.00684908,0.00707814
2023-12-24,1.51863,0.358931,0.111632
2023-12-26,1.53741,0.175356,-0.00440704
2023-12-27,3.11465,0.558379,0.119683
2023-12-28,2.61025,0.252546,0.0675916
2023-12-29,0.991033,0.247614,0.0665341
2023-12-31,3.96328,0.932704,0.060019
2024-01-02,1.29006,0.142873,0.0581029
2024-01-03,0.152138,-0.547042,0.0481506
2024-01-05,6.75115,1.71716,0.118382
2024-01-07,0.0346429,0.0346429,0.0906334
2024-01-08,1.12648,-0.00345955,0.0097428
2024-01-09,0.914866,0.105521,0.046828
2024-01-10,1.02256,0.207223,0.0771771
2024-01-13,1.00661,0.365088,0.0403019
2024-01-14,0.452271,-0.255312,-0.0387905
2024-01-15,0.948203,0.158885,0.0238944
2024-01-16,2.70233,0.407001,0.0925576
2024-01-17,1.70009,0.628401,0.0980539
2024-01-18,1.1035,0.19798,0.0364692
2024-01-20,0.971916,0.146208,0.0383364
2024-01-21,1.09126,0.449477,-0.0765335
2024-01-22,0.527768,-0.177466,-0.00472742
2024-01-23,1.3971,0.199858,0.0828082
2024-01-25,1.20523,-0.0368145,-0.0091399
2024-01-26,2.05998,0.532015,0.0594641
2024-01-27,0.00621116,-0.222581,0.0348208
2024-01-28,1.28304,0.200198,0.0533446
2024-01-29,1.32494,0.00931446,0.0380196
2024-01-30,-0.0935758,-0.377201,-0.00992303
2024-01-31,1.67592,0.181497,0.0266325
2024-02-01,1.31286,-0.0569083,0.0157903
2024-02-02,0.475015,-0.0120799,0.000231549
2024-02-05,0.853672,-0.0157483,0.0156705
2024-02-07,0.689691,0.103704,0.00836253
2024-02-08,1.80377,-0.198897,-0.0807293
2024-02-09,2.94773,0.0592809,-0.00339589
2024-02-10,1.116,-0.0595398,-0.00173045
2024-02-11,2.42667,0.239656,0.0500756
2024-02-12,1.15518,-0.223964,-0.0462929
2024-02-13,2.04032,0.422201,0.109681
2024-02-14,2.03711,0.413357,0.0721356
2024-02-15,0.844341,-0.242211,-0.00210136
2024-02-16,0.310849,0.0524922,-0.0887941
2024-02-17,1.96531,0.32816,0.0993271
2024-02-18,1.33044,-0.0230832,-0.00549578
2024-02-19,2.62414,0.795301,0.1007
2024-02-20,1.13753,0.0877877,0.0429759
2024-02-21,0.139579,-0.426341,-0.0367572
2024-02-22,2.07688,0.100799,0.0174898
2024-02-23,0.839346,-0.286702,-0.0816231
2024-02-24,1.65349,-0.115777,-0.0320704
2024-02-25,0.624277,0.123001,0.0479168
2024-02-26,1.22301,0.00169606,0.00315486
2024-02-27,1.40129,0.102259,-0.00548086
2024-02-28,2.34762,-0.226065,-0.033167
2024-02-29,1.83771,0.441718,0.0334448
2024-03-01,0.6259,-0.229375,-0.0807983
2024-03-02,0.740481,-0.109981,-0.0175404
2024-03-03,0.533982,-0.107433,-0.0551121
2024-03-04,1.38318,0.0754354,-0.0231118
2024-03-05,0.600311,0.174268,0.0871894
2024-03-06,0.705825,0.082517,0.0349188
2024-03-07,0.493488,0.237187,0.03986
2024-03-10,0.610543,-0.0239606,0.0851606
2024-03-11,1.16374,0.371276,0.0747461
2024-03-12,1.32921,0.347307,0.0695122
2024-03-17,0.669066,-0.151442,-0.0157626
2024-03-18,1.05465,0.0415372,0.0319423
2024-03-19,1.88301,0.209944,0.0509222
2024-03-20,2.68135,0.26644,0.0442952
2024-03-21,0.770801,-0.175726,-0.0706612
2024-03-22,1.77288,0.452328,0.0652409
2024-03-24,1.535,0.340372,0.0760552
2024-03-26,2.71757,0.0631578,0.0383717
2024-03-27,1.83645,-0.191478,-0.0254256
2024-03-28,0.885302,-0.0456866,-0.0122923
2024-03-29,2.06924,0.65824,0.205974
2024-03-30,2.47662,0.735452,0.179102
2024-03-31,0.879438,-0.124896,-0.0481477
2024-04-01,2.41117,0.12256,0.0413023
2024-04-02,1.74718,0.369308,0.183578
2024-04-03,1.58531,0.355711,0.0415073
2024-04-04,2.37322,0.862304,0.231901
2024-04-06,0.739483,-0.290142,5.63611e-05
2024-04-07,1.39681,0.131957,0.0368947
2024-04-08,1.24895,0.0852785,0.0247385
2024-04-09,0.772871,0.146851,0.0217371
2024-04-10,1.69678,0.220251,0.0657625
2024-04-11,0.0515167,0.0515167,-0.0608794
2024-04-12,1.46847,0.0551411,0.00589621
2024-04-13,1.14488,0.232241,0.0669758
2024-04-14,1.51941,0.460272,0.139671
2024-04-15,2.66265,0.323934,0.0589289
2024-04-16,2.00058,0.189056,0.0396378
2024-04-17,1.79436,0.00151489,0.000373927
2024-04-18,1.17024,0.367076,0.120178
2024-04-20,0.962017,0.15584,0.0268972
2024-04-21,3.81243,0.243029,0.0811664
2024-04-22,4.4857,0.774119,0.141261
2024-04-23,2.86926,0.958299,0.170799
2024-04-24,1.85283,0.387256,0.0619253
2024-04-25,4.09177,1.45901,0.138288
2024-04-26,3.11315,0.602646,0.0634163
2024-04-28,-0.043828,-0.043828,0.0284748
2024-04-29,1.28611,-0.043049,-0.00504046
2024-04-30,2.22331,0.967291,0.0880689
2024-05-02,2.15036,0.406868,0.0797571
2024-05-03,1.50425,0.0840217,0.0579053
2024-05-04,1.77007,0.482141,0.156028
2024-05-05,3.70697,1.16797,0.287742
2024-05-06,3.74496,1.06316,0.179938
2024-05-07,5.42417,1.26268,0.0911136
2024-05-08,3.60356,0.612151,0.0452392
2024-05-09,3.90358,1.22267,0.269029
2024-05-10,2.86326,0.524732,0.111512
2024-05-11,2.36387,0.716966,0.15085
2024-05-12,4.3725,1.23294,0.12227
2024-05-13,1.60145,0.470191,0.0778018
2024-05-14,2.32138,0.621043,-0.00332419
2024-05-15,2.39719,0.618897,0.152171
2024-05-16,1.53837,0.490727,0.151968
2024-05-17,1.55434,0.0250815,0.0228187
2024-05-18,1.53872,0.213062,0.0551504
2024-05-19,1.49538,0.412773,0.128341
2024-05-20,0.857933,0.168348,0.0251774
2024-05-21,2.33139,0.600919,0.104164
2024-05-24,1.93653,0.600004,0.106837
2024-05-26,3.20822,0.771668,0.120332
2024-05-27,3.23248,1.19567,0.18349
2024-05-28,3.12752,0.720509,0.166005
2024-05-29,1.62165,0.686773,0.185966
2024-05-30,1.95913,0.525137,0.187911
2024-05-31,2.75427,0.952658,0.268732
2024-06-02,0.938664,0.321889,0.00779949
2024-06-04,2.65942,0.66713,0.147986
2024-06-05,2.15298,0.445789,0.125376
2024-06-06,1.9938,0.367803,0.0841125
2024-06-07,3.201,0.994594,0.154358
2024-06-08,5.58522,0.963911,0.11015
2024-06-09,2.59988,0.645148,0.118241
2024-06-10,1.97859,0.65257,0.166106
2024-06-11,1.47649,0.608786,0.0686845
2024-06-12,2.9708,0.685936,0.147471
2024-06-13,2.07188,0.236541,0.0700503
2024-06-14,2.34925,0.446109,0.0923862
2024-06-15,0.560769,0.154387,0.0298662
2024-06-16,1.40803,0.339435,0.0293679
2024-06-17,2.36166,1.19702,0.265119
2024-06-19,2.29772,0.798356,0.184009
2024-06-20,2.5972,0.431521,0.0692613
2024-06-21,2.21371,0.630017,0.115973
2024-06-22,1.49727,0.312587,0.0909514
2024-06-23,2.42229,0.55748,0.136547
2024-06-24,3.00973,0.135626,-0.0133846
2024-06-26,1.98616,0.267513,0.0687758
2024-06-27,2.00635,0.347299,0.094376
2024-06-28,2.45626,0.241498,0.0615507
2024-06-29,1.27875,-0.0275345,0.0509601
2024-06-30,2.99907,0.682244,0.166847
2024-07-01,2.90768,0.549975,0.152427
2024-07-02,1.69418,0.332049,0.0459249
2024-07-03,1.41698,0.357361,0.14116
2024-07-04,4.43432,0.626241,0.0394013
2024-07-07,2.17991,0.110402,0.0157813
2024-07-08,1.83793,0.273527,0.078092
2024-07-09,1.85554,0.709056,0.16012
2024-07-10,3.47773,0.789656,0.0603272
2024-07-11,2.30118,0.702822,0.0985267
2024-07-12,2.00122,0.833622,0.20184
2024-07-13,3.04678,1.29024,0.170359
2024-07-14,3.62711,0.974975,0.202531
2024-07-15,4.18412,0.706825,0.0837051
2024-07-16,4.54622,0.868773,0.144641
2024-07-17,1.78279,0.477807,0.109764
2024-07-18,1.47494,0.402357,0.146389
2024-07-19,2.22889,0.838981,0.238013
2024-07-20,3.34365,0.417673,0.0541139
2024-07-21,4.72731,1.80609,0.279291
2024-07-22,3.41096,0.691612,0.140255
2024-07-23,2.93853,0.451312,0.104031
2024-07-24,1.67345,0.0314142,-0.0022533
2024-07-25,2.93946,0.441322,0.0738101
2024-07-26,4.57759,0.556953,-0.00412159
2024-07-27,1.41571,0.424867,0.081899
2024-07-28,2.01706,0.691431,0.215738
2024-07-29,1.7912,0.572444,0.155549
2024-07-30,1.65057,0.390457,0.0988123
2024-07-31,3.18153,0.828681,0.104697
2024-08-01,1.2245,0.198844,0.0377713
2024-08-02,1.20394,0.0759868,0.0054941
2024-08-03,1.11414,0.432812,0.14767
2024-08-04,1.40406,0.261497,0.083264
2024-08-05,1.40242,0.518692,0.0251723
2024-08-06,2.04284,0.381382,0.0748506
2024-08-07,0.968019,0.122071,0.0391425
2024-08-08,1.21579,-0.12273,-0.0512588
2024-08-09,1.98213,0.706497,0.21173
2024-08-10,2.37942,0.856702,0.175384
2024-08-11,2.52735,0.12132,-0.0398274
2024-08-12,1.35699,-0.0374125,-0.0324423
2024-08-13,4.05756,0.730899,0.168993
2024-08-14,2.0354,0.635966,0.168575
2024-08-15,1.40934,0.279611,0.0689456
2024-08-16,4.98321,1.58531,0.212681
2024-08-17,1.33016,0.148927,-0.000480142
2024-08-18,1.34532,0.173118,0.0558314
2024-08-19,2.49216,0.763997,0.225855
2024-08-20,5.14428,1.3183,0.302488
2024-08-21,3.30515,1.31138,0.168949
2024-08-22,3.27775,0.579691,0.0882642
2024-08-23,1.68351,0.245537,0.0645458
2024-08-24,2.26119,0.679848,0.204597
2024-08-25,2.25135,0.964291,0.230949
2024-08-26,1.49314,0.363347,0.0984852
2024-08-27,2.83768,0.519634,0.0829244
2024-08-28,2.27918,0.385309,0.0599137
2024-08-29,0.744103,-0.391118,0.0292072
2024-08-30,1.33853,0.338062,0.0620032
2024-08-31,3.84582,0.883469,0.177544
2024-09-01,3.71182,0.895535,0.142061
2024-09-02,1.57323,0.168351,0.0330266
2024-09-03,1.31015,0.28312,0.0967909
2024-09-04,1.34326,0.14552,0.0516149
2024-09-05,1.35404,0.341632,0.0805499
2024-09-06,2.42145,0.452233,0.0885204
2024-09-07,1.2029,0.204044,0.0325733
2024-09-08,1.86642,-0.174529,-0.0308961
2024-09-09,1.25056,-0.0633875,0.0256716
2024-09-10,0.218395,-0.703451,-0.00482286
2024-09-11,2.39501,0.345764,0.0766217
2024-09-12,2.25179,0.511141,0.0774187
2024-09-13,1.46859,-0.116411,-0.0268839
2024-09-14,1.67402,0.118836,0.025016
2024-09-15,2.01221,0.962779,0.255087
2024-09-16,1.96144,0.968397,0.250999
2024-09-17,4.39615,1.05273,0.136312
2024-09-18,2.14551,0.102027,0.0141607
2024-09-19,1.45017,0.319005,0.0784208
2024-09-20,0.9281,0.276892,0.0914327
2024-09-21,0.962252,0.0440715,0.0187405
2024-09-22,1.99202,-0.0366641,-0.0119593
2024-09-23,1.23005,0.144063,-0.0220133
2024-09-24,1.86228,-0.0633256,0.0226266
2024-09-25,1.4093,-0.0951616,-0.0310922
2024-09-26,2.33147,0.578919,0.100276
2024-09-27,2.30559,0.346782,0.0868072
2024-09-28,1.72364,0.37643,0.0598692
2024-09-29,0.90607,0.185259,0.00551158
2024-09-30,1.46489,-0.210718,-0.0147298
2024-10-01,1.52287,0.410355,0.162553
2024-10-02,3.11986,0.548998,0.0925385
2024-10-04,1.11677,-0.115024,-0.00828886
2024-10-05,1.24272,-0.144234,-0.0483121
2024-10-06,1.41989,-0.106601,-0.031499
2024-10-07,2.32664,0.460286,0.136988
2024-10-08,1.75392,0.627543,0.141012
2024-10-09,1.33884,0.146445,0.0263383
2024-10-10,0.887502,-0.164353,-0.0441127
2024-10-11,1.15687,0.188206,0.0650677
2024-10-14,3.85889,0.543192,0.106056
2024-10-15,0.779117,-0.0714849,-0.0254903
2024-10-16,1.12412,0.0451678,0.0139074
2024-10-17,1.84312,0.3146,0.118884
2024-10-18,1.97422,0.388915,0.125028
2024-10-19,2.02441,0.328268,0.0785464
2024-10-20,0.915653,0.0213257,0.00799642
2024-10-21,0.764714,0.0349918,0.0143399
2024-10-22,0.87249,0.0748311,0.0339565
2024-10-23,1.07478,0.166944,0.04559
2024-10-24,1.84134,0.347182,0.0607966
2024-10-25,1.79246,0.260193,0.0620297
2024-10-26,0.793176,-0.0601964,-0.0251974
2024-10-27,1.28592,0.262524,0.0893006
2024-10-28,1.26579,0.0914277,0.0355577
2024-10-29,1.58399,0.311526,0.0793694
2024-10-30,2.09405,0.37689,0.0703682
2024-10-31,-0.120328,-0.604968,-0.0305838
2024-11-01,1.1895,-0.26613,-0.0645184
2024-11-03,1.50329,0.00564374,-0.0209281
2024-11-05,1.31621,-0.372014,-0.0167775
2024-11-06,0.999637,-0.0130381,0.00203138
2024-11-07,2.42396,0.528859,0.189614
2024-11-08,1.20065,0.283453,0.119006
2024-11-09,3.28976,0.567669,0.101008
2024-11-10,1.49429,0.427299,0.102359
2024-11-11,0.640227,0.0335559,0.104683
2024-11-12,3.7656,1.86701,0.534151
2024-11-13,3.25179,1.87988,0.588033
2024-11-17,1.20382,0.335627,0.101483
2024-11-18,1.55287,0.280947,0.0938023
2024-11-19,0.426009,0.0127944,0.0114872
2024-11-21,0.588827,0.113341,0.0386604
2024-11-22,0.326662,-0.0185122,0.0237278
2024-11-24,0.460691,-0.00222725,-0.000502774
2024-11-25,0.706026,0.565856,0.0138267
2024-11-26,0.511223,0.128709,0.0132557
2024-11-28,0.28479,-0.0278017,-0.0202799
2024-11-30,0.391495,-0.0231146,-0.0195909
2024-12-05,0.24834,-0.146064,-0.0440052
2024-12-08,0.790913,0.134476,0.0301338
2024-12-10,0.167337,-0.0137321,-0.0137536
2024-12-12,0.400917,0.0590601,0.0152726
2024-12-13,0.311848,-0.0958927,-0.000889671
2024-12-14,-0.157576,-0.157576,-0.0219546
2024-12-17,0.967899,-0.140012,-0.0356197
2024-12-18,0.558589,0.0131824,0.0110742
2024-12-19,0.228713,0.120128,0.0296108
2024-12-20,0.28762,-0.046651,-0.0156227
2024-12-21,0.334072,0.0907107,-0.00639205
2024-12-22,0.393124,-0.20882,-0.0411245
2024-12-25,0.511781,-0.0481205,-0.00730929
2024-12-27,0.717869,0.100746,0.0397275
2024-12-28,0.598453,0.0587857,0.0204584
2024-12-29,0.451389,0.0304447,0.0250072
2024-12-30,-0.39375,-0.39375,0.0207049
2024-12-31,0.393723,-0.0255689,-0.00666487
2025-01-02,1.43447,0.0740367,0.0198087
2025-01-03,0.392401,0.104388,0.0207583
2025-01-04,0.428001,0.0558523,0.0258726
2025-01-05,0.423977,0.0537518,0.0124124
2025-01-08,0.854278,0.332914,0.0585766
2025-01-09,0.421778,0.19043,0.0222277
2025-01-10,0.89786,0.194196,0.0482453
2025-01-11,0.670204,0.128868,0.0308829
2025-01-13,0.596997,0.118521,0.0130632
2025-01-15,0.461619,0.0202274,0.0165368
2025-01-18,0.618606,-0.318747,-0.0242821
2025-01-19,0.482277,-0.0497135,-0.0168199
2025-01-21,0.621453,0.00253841,0.0117388
2025-01-24,-0.398362,-0.398362,-0.00224906
2025-01-26,0.139092,0.0458608,0.03344
2025-01-29,-0.0772955,-0.0772955,-0.000637272
2025-01-30,0.53282,0.0124071,0.0121483
2025-01-31,0.382722,-0.0145246,-0.00499194
2025-02-03,0.622665,-0.131449,0.0719782
2025-02-05,0.258279,-0.0242975,0.00175213
2025-02-06,0.406843,0.0494463,0.0267106
2025-02-07,0.407931,-0.0261262,-0.0238639
2025-02-08,0.755025,-0.0540961,-0.0306646
2025-02-09,0.860708,0.0392918,0.00828634
2025-02-10,0.575719,0.0382458,0.00683247
2025-02-11,0.50644,0.0342068,0.00827694
2025-02-12,0.36265,0.0493945,0.0246754
2025-02-13,0.281856,-0.0227476,-0.00404993
2025-02-15,0.451811,0.0280454,0.0184049
2025-02-16,0.410333,0.0441076,0.0214632
2025-02-18,0.513189,0.0664796,0.00214876
2025-02-20,0.485611,0.135636,0.0292871
2025-02-21,0.615221,0.0796335,0.0228913
2025-02-24,1.31531,0.32619,0.0845101
2025-02-25,1.04324,0.138827,0.0355891
2025-02-27,0.997719,0.173129,0.0872396
2025-02-28,0.873381,0.153958,0.0479549
2025-03-01,1.47994,0.250808,0.0335781
2025-03-02,1.50492,0.405351,0.0445767
2025-03-03,0.55502,-0.114756,-0.0270888
2025-03-04,0.261919,0.0613462,0.0300215
2025-03-05,1.26074,0.0351983,0.0381174
2025-03-06,0.41274,0.0648514,0.0029179
2025-03-08,0.509778,-0.00257086,0.0051248
2025-03-09,0.726032,0.0129669,-0.00856932
2025-03-10,0.439815,-0.0566284,-0.00322691
2025-03-11,1.46516,0.159198,0.0368083
2025-03-13,0.517729,0.0807833,0.0330767
2025-03-14,0.3403,0.0786296,0.0247148
2025-03-17,0.36504,0.216242,-0.00135671
2025-03-18,0.402392,-0.214047,0.0148346
2025-03-19,0.439578,0.128016,0.0198311
2025-03-21,0.551645,0.0151172,0.00581993
2025-03-22,0.226446,-0.0165228,-0.0124429
2025-03-23,0.936295,0.0263845,0.0100674
2025-03-25,0.788583,0.1947,0.0552088
2025-03-26,0.427375,0.0300226,0.0472047
2025-03-27,0.442,0.0992652,0.0516411
2025-03-29,0.265762,-0.07013,-0.016943
2025-03-30,0.35564,0.00488038,0.00252012
2025-03-31,0.54627,-0.0147731,0.00217106
2025-04-02,0.370333,0.0320726,0.00798457
2025-04-05,0.472528,-0.0076448,0.00085254
2025-04-06,0.232745,-0.0273266,-0.00670461
2025-04-07,0.753927,0.0351722,0.00842864
2025-04-08,2.31681,0.0840113,0.0191192
2025-04-09,1.04435,0.37317,0.0295229
2025-04-10,0.618251,0.0282368,0.013795
2025-04-11,0.523604,0.165141,0.023328
2025-04-12,0.993225,0.125485,0.0185855
2025-04-14,0.264734,0.108427,0.0211613
2025-04-15,0.172186,-0.0840803,0.00607392
2025-04-16,0.406,-0.0540513,-0.00284643
2025-04-18,0.309473,0.030262,-0.0130274
2025-04-19,1.14572,-0.0782621,-0.0138276
2025-04-20,0.903098,0.00784055,0.00521509
2025-04-21,0.303337,-0.316612,0.0358671
2025-04-22,0.666785,0.0692269,0.0350117
2025-04-24,0.482998,-0.0451593,-0.016527
2025-04-25,0.306934,0.0265596,0.0129248
2025-04-26,0.525416,0.047017,0.0213663
2025-04-27,0.890216,0.0227429,0.00490028
2025-04-28,1.71225,0.532375,0.117522
2025-04-29,2.83886,0.801113,0.149738
2025-04-30,2.27207,0.352579,0.074865
2025-05-01,1.33955,0.211686,0.0612672
2025-05-02,1.06281,0.0989737,0.0277021
2025-05-03,0.393062,-0.0469253,-0.0213455
2025-05-04,1.67196,0.16106,0.0399294
2025-05-05,1.18719,0.344955,0.0675364
2025-05-06,0.95508,0.290951,0.103167
2025-05-07,2.15178,0.538504,0.186095
2025-05-08,1.63533,0.676365,0.215712
2025-05-10,1.22824,0.163634,0.0673866
2025-05-11,1.01096,0.111769,0.0530729
2025-05-12,0.30315,0.0534311,-0.0163091
2025-05-13,0.500896,0.0595452,0.0267297
2025-05-14,0.633453,0.085717,0.0512437
2025-05-15,3.5956,-0.0404668,0.0467755
2025-05-16,0.426433,0.0224326,0.00958254
2025-05-17,0.467397,-0.0156945,-0.0104793
2025-05-18,0.473467,-0.0332248,-0.0143978
2025-05-19,0.576587,0.056626,0.0213503
2025-05-20,1.07523,0.106067,0.029918
2025-05-24,0.333644,-0.0289859,0.00191664
2025-05-25,0.894022,-0.215291,-0.0164872
2025-05-27,0.567608,0.0501481,0.020258
2025-05-28,0.529947,0.0670552,0.036782
2025-05-29,0.682746,0.195913,0.0361502
2025-05-30,1.74372,0.38404,0.0757657
2025-05-31,2.85353,0.251002,0.0228111
2025-06-02,1.2419,0.23139,0.0520215
2025-06-03,0.994349,0.178921,0.0608658
2025-06-04,1.33926,0.177116,0.0471394
2025-06-05,1.80709,0.173715,0.0343845
2025-06-06,0.940969,0.149452,0.0333264
2025-06-07,0.644233,0.0253757,0.0109714
2025-06-08,0.607551,0.208034,0.0811781
2025-06-10,1.05661,0.129051,0.0398039
2025-06-11,2.03988,0.306019,0.0697925
2025-06-12,1.09036,0.261754,0.0784662
2025-06-13,1.24961,0.391982,0.0658327
2025-06-15,1.1782,0.250329,-0.00346187
2025-06-16,2.55211,0.234803,0.069975
2025-06-17,1.17825,0.109561,0.02837
2025-06-20,3.02566,2.10986,0.558908
2025-06-21,1.01199,0.801499,0.0538582
2025-06-22,0.831693,0.112731,0.0259494
2025-06-23,1.39672,0.355293,0.0573138
2025-06-24,2.3504,1.00272,0.231534
2025-06-25,1.17503,0.230272,0.0790631
2025-06-26,1.50539,0.526495,0.147754
2025-06-28,0.689856,0.221326,-0.00123828
2025-06-30,1.07932,-0.222229,-0.0304066
2025-07-01,1.05654,0.132815,0.0313752
2025-07-02,1.6214,0.149784,0.0351365
2025-07-03,1.08083,0.00246559,0.0118512
2025-07-04,1.49064,0.606632,0.188769
2025-07-05,1.12042,0.355208,0.123575
2025-07-06,0.412713,-0.0268052,-0.0125185
2025-07-07,1.1917,0.0408513,0.0139379
2025-07-08,1.19842,0.11974,0.0365441
2025-07-09,1.27843,0.460646,0.158591
2025-07-10,1.42566,0.4753,0.140867
2025-07-11,1.42722,0.329652,0.081105
2025-07-12,1.55759,0.393972,0.0966435
2025-07-14,1.36031,0.236842,0.0427846
2025-07-15,0.373984,-0.123159,-0.00496351
2025-07-16,0.599206,0.0582995,0.0238236
2025-07-17,1.1124,0.0659621,0.0186794
2025-07-18,1.58244,0.153889,0.035703
2025-07-19,0.581543,-0.0181012,-0.0043527
2025-07-20,1.32487,0.0954925,0.0200724
2025-07-21,1.45453,0.545615,0.125473
2025-07-22,0.994944,0.23732,0.0462778
2025-07-23,2.85973,0.407299,0.0641
2025-07-24,0.946926,0.194068,0.0409178
2025-07-25,1.27412,0.208894,0.0500149
2025-07-26,1.52452,0.526007,0.143928
2025-07-27,1.28166,0.19688,0.053993
2025-07-28,0.458573,0.0724102,0.0194135
2025-07-29,2.20075,0.310832,0.0734874
2025-07-30,0.944731,0.0560838,0.0204158
2025-07-31,0.830598,0.263666,0.0262611
2025-08-01,1.34525,0.29352,0.0737486
2025-08-02,1.4025,0.124594,0.0259173
2025-08-03,2.79696,0.284887,0.0285353
2025-08-04,1.20977,0.13584,0.0257011
2025-08-05,1.30087,0.31033,0.0397379
2025-08-06,0.959995,0.0867127,0.0201752
2025-08-07,1.29615,0.183568,0.0449643
2025-08-08,1.14311,-0.0624186,-0.0101922
2025-08-09,1.93343,0.567444,0.102084
2025-08-10,1.86585,0.381804,0.0964189
2025-08-11,2.09472,0.61948,0.0815444
2025-08-13,0.920574,0.299893,0.0178717
2025-08-14,1.85801,0.737451,0.0558916
2025-08-15,2.37857,0.496636,0.0984254
2025-08-16,0.891977,0.220017,0.0536279
2025-08-17,0.977323,0.171777,0.046017
2025-08-20,0.363776,0.335468,-0.00262226
2025-08-21,0.407288,-0.0363028,-0.0133626
2025-08-22,0.629103,0.159732,0.0700488
2025-08-23,0.996722,0.120696,0.0375153
2025-08-24,1.31455,0.100748,0.0294757
2025-08-25,0.581138,0.00553771,0.00220939
2025-08-26,0.823349,0.0316775,0.00705892
2025-08-27,1.44205,0.621173,0.188536
2025-08-28,1.63522,0.460232,0.152606
2025-08-29,1.51251,0.212262,0.0554217
2025-08-31,0.658728,0.101433,0.018524
2025-09-01,1.01632,0.269121,0.0791092
2025-09-02,0.47529,-0.078871,-0.0056777
2025-09-03,1.00254,0.123916,0.0317017
2025-09-04,2.35377,0.293405,0.0275114
2025-09-05,1.07421,0.169413,0.0447443
2025-09-06,1.03014,0.112863,0.0326027
2025-09-07,1.20185,0.218922,0.0755254
2025-09-08,1.72948,0.45875,0.140203
2025-09-09,1.66088,0.71333,0.0606667
2025-09-10,1.43362,0.233671,0.038155
2025-09-12,0.323008,-0.00828827,0.0037511
2025-09-13,0.339343,0.0384538,0.0151955
2025-09-14,-0.0463731,-0.09675,0.00732189
2025-09-15,2.12884,0.366507,0.0685531
2025-09-16,0.88778,0.0154279,0.0245129
2025-09-17,0.756638,0.0338789,0.00448925
2025-09-19,0.708433,-0.0196529,0.00589535
2025-09-21,0.883121,0.1247,0.0242415
2025-09-22,0.628854,0.108808,0.0334825
2025-09-23,1.24751,0.311665,0.0896093
2025-09-24,1.12709,0.160393,0.043451
2025-09-25,0.769883,-0.0321249,-0.00759324
2025-09-26,1.53256,0.236835,0.0571583
2025-09-27,1.11982,0.0755174,0.0147836
2025-09-28,0.596902,0.00345691,0.0188336
2025-09-29,0.2004,-0.158068,-0.0368993
2025-09-30,0.0413377,0.0413377,0.0139831
2025-10-01,1.41853,0.0741129,0.000433099
2025-10-02,1.59077,-0.10782,-0.00467697
2025-10-03,0.590173,-0.0358168,0.00154035
2025-10-04,0.44408,-0.0161113,-0.00653471
2025-10-05,1.21487,0.240295,0.0693168
2025-10-06,1.48484,0.553264,0.0333223
2025-10-08,0.511493,-0.0596988,-0.0129231
2025-10-09,2.10897,0.414057,0.122371
2025-10-10,1.21924,0.30666,0.0837608
2025-10-11,1.10741,0.0331154,0.01114
2025-10-12,1.01385,0.0704471,0.0181441
2025-10-14,0.72255,0.0116899,0.0145531
2025-10-15,1.03849,0.156077,0.0477163
2025-10-16,0.716782,0.0976964,0.0145867
2025-10-17,1.36384,0.0185637,0.000183698
2025-10-18,0.983248,0.246131,0.0756213
2025-10-19,0.7295,0.0359389,0.0207225
2025-10-20,1.03625,0.0914301,0.0349917
2025-10-21,0.432089,0.0709118,0.00867929
2025-10-22,0.305726,0.0472622,-0.0129484
2025-10-24,0.560137,-0.00950538,0.00318991
2025-10-25,0.431696,-0.0270814,-0.00788048
2025-10-26,0.194852,-0.0368734,-0.0237823
2025-10-27,1.04711,0.0109056,-0.000471097
2025-10-29,0.310382,0.0220727,0.00285367
2025-10-30,0.340773,0.000712386,-0.000589786
2025-10-31,0.496034,-0.0141252,-0.00590871
2025-11-01,0.4006,0.00543468,-0.0170847
2025-11-02,1.10205,-0.0661153,-0.014495
2025-11-03,0.499539,-0.00783673,-0.00820608
2025-11-04,0.2808,-0.0161567,-0.00420999
2025-11-09,0.35693,0.00270814,0.0109118
2025-11-10,0.59763,0.0747014,0.0188787
2025-11-12,0.70881,0.184779,0.0155026
2025-11-14,0.362392,0.0820501,0.00624226
2025-11-15,0.56415,0.0530995,0.0154273
2025-11-16,-0.123358,-0.227424,0.0106666
2025-11-19,0.0922862,0.0379207,-0.00121907
2025-11-20,0.0928832,0.086296,-0.00428698
2025-11-21,0.337786,0.0219913,0.0140941
2025-11-23,0.518343,0.402456,-0.0477339
2025-11-24,0.69835,0.0225072,0.00222715
2025-11-25,0.19984,-0.190389,0.00754573
2025-11-26,0.341634,0.0103411,-0.000720026
2025-11-27,0.794217,-0.0331875,-0.0107224
2025-11-30,0.552992,0.00633619,0.00355423
2025-12-01,0.529452,-0.0435819,-0.0143178
2025-12-02,1.44607,0.203266,0.0720042
2025-12-03,1.41735,0.660579,0.108224
2025-12-05,0.896946,0.0153021,0.000902394
2025-12-06,0.916671,0.153742,0.0200456
2025-12-07,0.45498,-0.0292987,-0.00111267
2025-12-08,0.0443696,-0.105478,-0.0122589
2025-12-09,0.734901,0.468132,-0.0486073
2025-12-10,0.402925,-0.212515,-0.0113981
2025-12-11,0.484153,-0.0387204,-0.00183018
2025-12-12,0.490024,-0.0673938,-0.0220512
2025-12-13,0.677154,0.0284352,0.0101952
2025-12-15,0.504951,0.044545,0.00925795
2025-12-16,0.33406,0.0498211,-0.0231039
2025-12-17,0.359577,-0.0890538,-0.0321136
2025-12-18,0.213814,-0.185529,-0.0142755
2025-12-19,0.534097,-0.0392867,-0.0107608
2025-12-20,1.10046,-0.109013,-0.0007816
2025-12-21,0.412821,0.000658744,0.00240561
2025-12-22,0.364791,-0.0392424,-0.0128645
2025-12-23,0.280005,-0.0324933,-0.0121982
2025-12-24,0.607994,-0.0851667,-0.0240224
2025-12-25,1.24479,-0.0139493,-0.025534
2025-12-26,0.748881,-0.353424,-0.0116587
2025-12-27,0.265818,0.00171235,0.000751062
2025-12-28,0.487604,-0.0175801,0.0216228
2025-12-30,0.679286,-0.0384407,-0.00114047
2026-01-01,0.0722426,-0.0510745,0.0120627
2026-01-05,1.03786,0.119017,0.0271395
2026-01-06,0.921357,0.00659729,0.0190349
2026-01-07,0.356372,0.183849,0.00759196
2026-01-08,0.15536,-0.173771,-0.0036064
2026-01-09,0.293986,-0.0966873,-0.0214027
2026-01-16,0.578911,0.138713,0.01379
2026-01-23,0.380346,-0.0537857,-0.0117051
2026-01-24,0.546224,0.00258338,0.000530319
2026-01-25,0.468581,0.0510553,0.0192806
2026-01-26,1.0329,-0.156017,-0.0140085
2026-01-28,0.378513,-0.00374068,-0.000783925
2026-01-29,0.247969,0.107448,0.0134866
2026-01-30,0.615063,0.052326,0.0102222
2026-01-31,0.375945,-0.114505,-0.0351775
2026-02-01,0.206853,-0.188293,-0.022838
2026-02-02,0.623276,-0.11789,-0.01982
2026-02-03,0.281498,-0.0812941,-0.0289435
2026-02-04,0.208158,-0.0695764,-0.000178441
2026-02-05,0.377257,0.104699,0.0173238
2026-02-10,0.53714,-0.221393,-0.0326242
2026-02-13,0.577975,0.0400594,0.00588301
2026-02-14,0.382877,0.00778483,0.00295641
2026-02-17,0.336256,0.00361711,-0.00985403
2026-02-20,0.43109,-0.0586244,0.00779584
2026-02-21,0.522425,-0.141554,-0.0331556
2026-02-22,-0.16015,-0.483739,-0.0401587
2026-02-24,0.520378,0.0533834,-0.011148
2026-02-25,0.332591,-0.00431164,0.00283673
2026-02-26,-0.207131,-0.355894,-0.00327251
2026-03-01,0.55449,0.0832971,0.0272165
2026-03-03,0.739563,-0.0756645,0.00873952
2026-03-06,0.449623,0.116824,0.00216439
2026-03-07,0.274136,-0.0942781,0.00331387
2026-03-08,0.302193,-0.16192,-0.0225502
2026-03-09,0.619114,0.11485,0.00235193
2026-03-10,0.209213,-0.212396,0.0162077
2026-03-11,0.262607,-0.0259349,-0.0111301
2026-03-12,0.261504,-0.0201141,-0.00985994
2026-03-13,0.367958,-0.0196324,-0.0113667
2026-03-14,0.590239,0.0304749,0.0112334
2026-03-15,1.17943,-0.0311086,-0.00739938
2026-03-16,0.402147,0.0144998,0.00629145
2026-03-17,0.266256,0.0240846,0.0140156
2026-03-18,0.479272,-0.0261463,-0.00968149
2026-03-19,0.620988,-0.126827,-0.0188115
2026-03-20,1.22246,-0.0293369,-0.00842945
2026-03-21,1.38684,0.0849684,-0.000353809
2026-03-22,1.01125,0.0486123,0.0160675
2026-03-23,0.384676,-0.0668643,-0.0265409
2026-03-24,0.691959,0.0333478,0.0134402
2026-03-25,0.128078,-0.219686,-0.0157005
2026-03-27,0.425284,0.0288716,0.0281562
2026-03-28,0.478773,0.0160905,0.0155048
2026-03-29,2.82056,0.710104,0.16503
2026-03-30,0.610871,0.0949673,0.0281039
2026-04-01,0.947635,0.947635,0.0167913
2026-04-02,0.829395,-0.00274672,-0.00142282
2026-04-03,1.53222,0.481701,0.163929
2026-04-04,1.2323,0.283697,0.0795994
2026-04-06,0.857226,0.108057,0.0273945
2026-04-07,0.956478,0.45054,0.050112
2026-04-08,0.273888,-0.0490208,-0.0217776
2026-04-10,0.625294,0.101394,0.0264064
2026-04-11,1.05011,-0.21763,-0.0300718
2026-04-12,1.03428,0.133353,0.0361562
2026-04-13,1.45226,0.500938,0.127612
2026-04-14,1.41866,0.378038,0.116176
2026-04-15,0.532374,0.0736027,0.0207349
2026-04-16,2.85614,0.51198,0.110977
2026-04-17,0.661115,0.265456,0.0276869
2026-04-18,1.22356,0.385303,0.0970645
2026-04-19,1.86432,0.563876,0.185913
2026-04-20,1.43083,0.506739,0.130837
2026-04-21,1.96306,0.483959,0.0898808
2026-04-22,0.814788,0.150369,0.0309675
2026-04-23,1.87214,0.347095,0.0407526
2026-04-24,0.597368,-0.261839,-0.00225308
2026-04-25,1.25752,0.208173,0.036794
2026-04-26,1.42102,0.155473,0.0440711
2026-04-27,1.77698,0.359067,0.0714859
2026-04-28,1.96391,0.475658,0.0965806
2026-04-29,1.41509,0.455989,0.115336
2026-04-30,0.974417,0.27443,0.0440427
2026-05-01,1.04452,0.157493,0.0406497
2026-05-02,2.01389,0.172255,0.0261592
2026-05-03,1.17205,0.181836,0.0263992
2026-05-04,0.269505,-0.0931679,-0.00720397
2026-05-05,1.19649,0.31611,0.0155656
2026-05-06,0.935494,0.314049,0.0775379
2026-05-07,1.46606,0.291451,0.0675907
2026-05-08,-0.0621278,-0.141368,0.0319452
2026-05-09,0.433298,0.0665755,-0.00921848
2026-05-10,1.27714,0.479809,0.147758
2026-05-11,1.11328,0.452959,0.152384
2026-05-12,1.44593,0.52232,0.125038
2026-05-13,3.15701,0.620589,0.119882
2026-05-14,0.684117,0.0974901,3.76259e-05
2026-05-15,1.64698,0.173406,0.037275
2026-05-18,1.67878,0.183395,0.0361372
2026-05-19,1.18017,0.187973,0.037503
2026-05-20,0.764588,0.0628438,-0.00142854
2026-05-21,1.68625,0.332645,0.0313967
2026-05-22,0.724348,0.0719526,0.0337999
2026-05-23,1.54064,0.121278,0.00629145
2026-05-26,0.484507,0.077359,0.034878
2026-05-27,0.59653,0.0277438,0.0094336
2026-05-28,0.543525,0.0394499,0.0151582
2026-05-29,1.10653,-0.0589277,0.0105037
2026-05-30,1.43238,0.0831963,0.0246991
2026-05-31,1.27603,0.0482302,0.0169956
2026-06-01,1.77578,0.454645,0.133766
2026-06-02,1.04016,0.0359661,0.010713
2026-06-03,1.23206,-0.0211009,0.00316416
2026-06-04,0.151043,-0.103955,0.025729
2026-06-05,0.677814,0.187327,0.0548805
2026-06-06,1.15574,0.174741,0.0717463
2026-06-07,1.57695,0.312002,0.0652191
2026-06-08,1.58214,0.376369,0.0811572
2026-06-09,1.26121,-0.0146761,-0.00126237
2026-06-10,2.70423,0.540583,0.145214
2026-06-11,3.82586,0.686894,0.221223
2026-06-12,2.26406,0.738001,0.187028
2026-06-14,2.41387,0.468526,0.063109
2026-06-15,0.52191,0.497058,0.119201
2026-06-16,0.820466,0.223655,0.0360867
2026-06-17,1.78454,0.48009,0.15641
2026-06-18,1.28736,0.316842,0.0944244
2026-06-19,1.54329,0.149524,0.0327544
2026-06-20,3.04492,0.476977,0.101025
2026-06-21,2.9327,0.955148,0.304653
2026-06-22,6.00177,1.30692,0.463727
2026-06-23,3.28785,0.937148,0.303645
2026-06-24,1.02639,0.225281,0.0505793
2026-06-25,0.829341,0.642094,0.0969027
2026-06-26,4.25972,0.763626,0.22541
2026-06-27,3.63375,0.748649,0.21076
2026-06-28,4.97713,1.06515,0.326687
2026-06-29,3.11163,0.698015,0.175523
2026-06-30,4.32689,1.47508,0.231238
2026-07-01,4.6983,0.707552,0.159765
2026-07-02,6.58656,0.838807,0.234287
2026-07-03,9.80639,1.67488,0.415415
2026-07-04,1.134,0.089251,0.0295507
2026-07-05,1.47823,-0.00921648,-0.00114503
2026-07-06,1.36471,0.41091,0.107571
2026-07-07,3.33805,0.849017,0.26633
2026-07-08,2.4491,0.574314,0.169408
2026-07-09,3.97876,0.697452,0.15569
2026-07-10,4.40865,1.12444,0.160389
2026-07-11,3.71739,0.963087,0.133677
2026-07-12,5.86362,1.55889,0.274227
2026-07-13,3.37376,0.841888,0.197067
2026-07-14,3.60944,0.691869,0.172545
2026-07-15,1.84899,0.188546,0.041382
2026-07-16,2.5991,0.656368,0.121917
2026-07-17,1.61844,0.422934,0.122476
2026-07-18,2.3165,0.71931,0.216285
2026-07-19,4.40607,1.52107,0.433326
2026-07-20,2.98189,0.767277,0.179194
2026-07-21,2.82121,0.457869,0.0632763
2026-07-22,1.8195,0.295117,0.0617357
2026-07-23,2.04395,0.468579,0.130216
2026-07-24,6.12432,1.12738,0.311928
2026-07-25,2.14929,0.897906,0.190024
2026-07-26,2.53167,1.15213,0.177088
2026-07-27,2.15986,0.577536,0.0905632
2026-07-28,1.50703,0.402674,0.0903901
2026-07-29,2.19692,0.556122,0.144879
2026-07-30,1.77199,0.440826,0.133669
2026-07-31,0.268457,0.268457,0.0426866
2026-08-01,2.37871,0.675067,0.156577
2026-08-02,1.06305,0.217085,0.0524137
2026-08-03,1.88316,0.316384,0.0963045
2026-08-04,2.94867,0.808692,0.279469
2026-08-05,1.18203,0.133885,0.0390525
2026-08-06,1.69334,0.48262,0.107914
2026-08-07,1.11048,0.223035,0.0494927
2026-08-08,1.09483,0.11271,0.0336787
2026-08-09,4.65316,1.19787,0.288574
2026-08-10,7.59849,1.89773,0.41849
2026-08-11,3.01487,0.731638,0.141465
2026-08-12,1.55845,0.155146,0.0290056
2026-08-13,3.22248,0.767344,0.190448
2026-08-14,2.43116,0.68821,0.259718
2026-08-15,2.08909,0.462698,0.133599
2026-08-16,3.944,0.721213,0.174276
2026-08-17,4.0529,0.935773,0.268923
2026-08-18,0.903928,0.172439,0.0397247
2026-08-19,2.34374,0.471379,0.137608
2026-08-20,2.86497,0.397151,0.121811
2026-08-21,7.76855,0.860616,0.213313
2026-08-22,4.11186,0.773943,0.149122
2026-08-23,4.87399,1.26175,0.277539
2026-08-24,13.5045,1.58902,0.376675
2026-08-25,13.5085,1.46811,0.40873
2026-08-26,7.44717,1.09237,0.30941
2026-08-27,4.61607,0.790544,0.227426
2026-08-28,8.87635,2.43796,0.530179
2026-08-29,43.5048,3.77001,0.975886
2026-08-30,14.3961,2.60032,0.750749
2026-08-31,35.8236,3.70085,1.2107
2026-09-01,6.48436,0.718497,0.29275
2026-09-02,6.22306,1.49646,0.273165
2026-09-03,7.04098,1.04388,0.215721
2026-09-04,10.0198,0.842022,0.273057
2026-09-05,285.767,43.4624,14.659
2026-09-06,73.4835,49.595,13.1927
2026-09-07,4.23559,1.18583,0.229314
