date,frp_total,hotspots,ti4_max
2018-02-14,14.38,1,330.41
2018-02-15,0,0,
2018-02-16,0,0,
2018-02-17,0,0,
2018-02-18,0,0,
2018-02-19,0,0,
2018-02-20,0,0,
2018-02-21,0,0,
2018-02-22,0,0,
2018-02-23,0,0,
2018-02-24,0,0,
2018-02-25,0,0,
2018-02-26,0,0,
2018-02-27,0,0,
2018-02-28,0,0,
2018-03-01,12.33,3,332.18
2018-03-02,0,0,
2018-03-03,0,0,
2018-03-04,0,0,
2018-03-05,0,0,
2018-03-06,0,0,
2018-03-07,0,0,
2018-03-08,0,0,
2018-03-09,0,0,
2018-03-10,0,0,
2018-03-11,0,0,
2018-03-12,0,0,
2018-03-13,0,0,
2018-03-14,0,0,
2018-03-15,0,0,
2018-03-16,23.14,3,334.01
2018-03-17,0,0,
2018-03-18,0,0,
2018-03-19,0,0,
2018-03-20,0,0,
2018-03-21,0,0,
2018-03-22,0,0,
2018-03-23,0,0,
2018-03-24,0,0,
2018-03-25,0,0,
2018-03-26,0,0,
2018-03-27,0,0,
2018-03-28,0,0,
2018-03-29,0,0,
2018-03-30,0,0,
2018-03-31,0,0,
2018-04-01,0,0,
2018-04-02,0,0,
2018-04-03,0,0,
2018-04-04,0,0,
2018-04-05,0,0,
2018-04-06,0,0,
2018-04-07,0,0,
2018-04-08,0,0,
2018-04-09,0,0,
2018-04-10,0,0,
2018-04-11,0,0,
2018-04-12,0,0,
2018-04-13,0,0,
2018-04-14,0,0,
2018-04-15,0,0,
2018-04-16,0,0,
2018-04-17,0,0,
2018-04-18,0,0,
2018-04-19,20.64,4,329.72
2018-04-20,0,0,
2018-04-21,0,0,
2018-04-22,0,0,
2018-04-23,0,0,
2018-04-24,0,0,
2018-04-25,0,0,
2018-04-26,0,0,
2018-04-27,0,0,
2018-04-28,0,0,
2018-04-29,0,0,
2018-04-30,0,0,
2018-05-01,0,0,
2018-05-02,0,0,
2018-05-03,0,0,
2018-05-04,0,0,
2018-05-05,0,0,
2018-05-06,0,0,
2018-05-07,0,0,
2018-05-08,0,0,
2018-05-09,0,0,
2018-05-10,0,0,
2018-05-11,0,0,
2018-05-12,0,0,
2018-05-13,0,0,
2018-05-14,0,0,
2018-05-15,0,0,
2018-05-16,0,0,
2018-05-17,0,0,
2018-05-18,0,0,
2018-05-19,0,0,
2018-05-20,0,0,
2018-05-21,0,0,
2018-05-22,0,0,
2018-05-23,0,0,
2018-05-24,0,0,
2018-05-25,0,0,
2018-05-26,0,0,
2018-05-27,0,0,
2018-05-28,0,0,
2018-05-29,0,0,
2018-05-30,0,0,
2018-05-31,0,0,
2018-06-01,0,0,
2018-06-02,0,0,
2018-06-03,0,0,
2018-06-04,0,0,
2018-06-05,0,0,
2018-06-06,0,0,
2018-06-07,0,0,
2018-06-08,0,0,
2018-06-09,0,0,
2018-06-10,0,0,
2018-06-11,0,0,
2018-06-12,0,0,
2018-06-13,0,0,
2018-06-14,0,0,
2018-06-15,0,0,
2018-06-16,0,0,
2018-06-17,0,0,
2018-06-18,0,0,
2018-06-19,0,0,
2018-06-20,29.96,3,348.02
2018-06-21,0,0,
2018-06-22,0,0,
2018-06-23,0,0,
2018-06-24,0,0,
2018-06-25,0,0,
2018-06-26,0,0,
2018-06-27,0,0,
2018-06-28,0,0,
2018-06-29,0,0,
2018-06-30,77.8,5,367
2018-07-01,127.19,10,367
2018-07-02,34.93,7,367
2018-07-03,68.34,8,350.18
2018-07-04,29.16,7,335.16
2018-07-05,19.53,2,352.97
2018-07-06,29.15,4,338.07
2018-07-07,53.56,9,347.81
2018-07-08,20.01,4,348.75
2018-07-09,40.2,4,367
2018-07-10,29.96,7,367
2018-07-11,133.08,15,355.24
2018-07-12,195.14,32,356.39
2018-07-13,108.1,40,354.36
2018-07-14,121.16,8,353.93
2018-07-15,210.49,17,367
2018-07-16,319.88,20,367
2018-07-17,95.26,14,356.25
2018-07-18,237.39,26,367
2018-07-19,161.91,22,367
2018-07-20,73.89,6,355.46
2018-07-21,25.16,5,346.65
2018-07-22,124.22,10,353.87
2018-07-23,415.98,5,367
2018-07-24,741.42,74,367
2018-07-25,143.81,21,367
2018-07-26,183.34,18,367
2018-07-27,187.77,17,367
2018-07-28,95.24,10,367
2018-07-29,27.75,5,345.08
2018-07-30,102.07,9,353
2018-07-31,141.78,13,367
2018-08-01,44.39,8,341.3
2018-08-02,89.2,11,367
2018-08-03,136.67,8,367
2018-08-04,425.26,58,367
2018-08-05,332.94,67,367
2018-08-06,222.35,10,367
2018-08-07,214.27,29,367
2018-08-08,157.06,16,349.18
2018-08-09,81.63,7,367
2018-08-10,64.35,6,367
2018-08-11,79.6,12,351.07
2018-08-12,55.7,9,341.5
2018-08-13,67.81,11,344.37
2018-08-14,133.22,12,367
2018-08-15,91.51,11,367
2018-08-16,52.84,10,337.66
2018-08-17,98.98,9,367
2018-08-18,155.76,9,367
2018-08-19,193.64,11,367
2018-08-20,51.28,6,343.77
2018-08-21,32.54,7,347.74
2018-08-22,12.23,1,339.94
2018-08-23,108.89,9,352.88
2018-08-24,16.78,1,344.94
2018-08-25,12.33,4,330.8
2018-08-26,41.42,3,347.89
2018-08-27,89.24,8,367
2018-08-28,73.48,10,367
2018-08-29,33,4,346.5
2018-08-30,46.77,8,367
2018-08-31,91.33,8,367
2018-09-01,0,0,
2018-09-02,84.97,5,367
2018-09-03,39.49,2,367
2018-09-04,148.05,12,355.38
2018-09-05,136.49,10,367
2018-09-06,46.94,12,347.57
2018-09-07,130.34,8,367
2018-09-08,403.39,47,356.44
2018-09-09,349.47,28,367
2018-09-10,223.08,26,367
2018-09-11,40.69,33,316.81
2018-09-12,218.21,18,367
2018-09-13,238.15,21,367
2018-09-14,54.46,16,356.36
2018-09-15,203.28,14,367
2018-09-16,255.6,74,367
2018-09-17,406.01,25,367
2018-09-18,31.03,10,336.45
2018-09-19,0,0,
2018-09-20,0,0,
2018-09-21,0,0,
2018-09-22,162.47,17,356.75
2018-09-23,476,135,367
2018-09-24,358.2,44,367
2018-09-25,353.97,17,367
2018-09-26,191.35,32,367
2018-09-27,91.78,10,367
2018-09-28,123.2,17,367
2018-09-29,135.12,21,367
2018-09-30,512.06,46,356.9
2018-10-01,207.12,42,367
2018-10-02,97.12,19,367
2018-10-03,203.67,29,356.59
2018-10-04,22.51,6,339.24
2018-10-05,72.09,8,356.52
2018-10-06,85.32,13,351.32
2018-10-07,34.56,10,336.49
2018-10-08,186.08,13,354.32
2018-10-09,37.12,16,346.45
2018-10-10,164.76,21,353.35
2018-10-11,82.7,9,351.32
2018-10-12,52.84,9,355.16
2018-10-13,58.36,13,367
2018-10-14,47.59,5,356.05
2018-10-15,28.73,7,336.29
2018-10-16,142.01,11,367
2018-10-17,8.11,1,336.72
2018-10-18,15.13,4,331.59
2018-10-19,13.44,3,333.89
2018-10-20,41.5,8,348.69
2018-10-21,196.28,15,367
2018-10-22,86.97,5,367
2018-10-23,0,0,
2018-10-24,60.23,11,367
2018-10-25,28.66,8,335.98
2018-10-26,73.69,9,367
2018-10-27,24.41,4,338.39
2018-10-28,26.22,3,367
2018-10-29,48.43,5,356.96
2018-10-30,0,0,
2018-10-31,7.88,2,312.9
2018-11-01,26.24,5,342.37
2018-11-02,3.99,1,315.15
2018-11-03,17.08,2,341.29
2018-11-04,0,0,
2018-11-05,11.53,2,342.85
2018-11-06,0,0,
2018-11-07,0,0,
2018-11-08,0,0,
2018-11-09,0,0,
2018-11-10,0,0,
2018-11-11,0,0,
2018-11-12,0,0,
2018-11-13,0,0,
2018-11-14,0,0,
2018-11-15,8.63,1,334.4
2018-11-16,64.73,4,350.14
2018-11-17,23.35,4,339.59
2018-11-18,59.65,25,337.43
2018-11-19,99.48,39,347.57
2018-11-20,28.42,5,340.35
2018-11-21,48.98,12,349.81
2018-11-22,60.97,12,347.59
2018-11-23,7.57,3,314.46
2018-11-24,4.12,2,318.06
2018-11-25,7.61,2,330.09
2018-11-26,2.45,1,312.63
2018-11-27,39.78,6,347.28
2018-11-28,41.28,7,342.01
2018-11-29,10.54,1,328.19
2018-11-30,0,0,
2018-12-01,85.13,4,367
2018-12-02,111.08,12,347.81
2018-12-03,0,0,
2018-12-04,8.73,3,319.8
2018-12-05,1.76,1,301.28
2018-12-06,0,0,
2018-12-07,0,0,
2018-12-08,0,0,
2018-12-09,0,0,
2018-12-10,7.82,2,334.33
2018-12-11,0,0,
2018-12-12,0,0,
2018-12-13,10.47,1,344.35
2018-12-14,15.35,3,346.73
2018-12-15,0,0,
2018-12-16,0,0,
2018-12-17,17.76,2,338.78
2018-12-18,2.01,3,312.1
2018-12-19,43.32,6,339.53
2018-12-20,29.18,8,333.04
2018-12-21,1.38,2,313.42
2018-12-22,17.42,5,341.94
2018-12-23,0,0,
2018-12-24,0,0,
2018-12-25,0,0,
2018-12-26,0,0,
2018-12-27,0,0,
2018-12-28,0,0,
2018-12-29,66.66,20,327.55
2018-12-30,0,0,
2018-12-31,0,0,
2019-01-01,0,0,
2019-01-02,0,0,
2019-01-03,0,0,
2019-01-04,0,0,
2019-01-05,10.5,3,319.6
2019-01-06,0,0,
2019-01-07,0,0,
2019-01-08,0,0,
2019-01-09,0,0,
2019-01-10,2.75,1,304.76
2019-01-11,0,0,
2019-01-12,0,0,
2019-01-13,0,0,
2019-01-14,0,0,
2019-01-15,0,0,
2019-01-16,0,0,
2019-01-17,0,0,
2019-01-18,0,0,
2019-01-19,0,0,
2019-01-20,0,0,
2019-01-21,0,0,
2019-01-22,0,0,
2019-01-23,0,0,
2019-01-24,0,0,
2019-01-25,0,0,
2019-01-26,0,0,
2019-01-27,0,0,
2019-01-28,0,0,
2019-01-29,0,0,
2019-01-30,0,0,
2019-01-31,0,0,
2019-02-01,0,0,
2019-02-02,0,0,
2019-02-03,0,0,
2019-02-04,0,0,
2019-02-05,7.04,1,308.52
2019-02-06,0,0,
2019-02-07,0,0,
2019-02-08,0,0,
2019-02-09,0,0,
2019-02-10,0,0,
2019-02-11,0,0,
2019-02-12,0,0,
2019-02-13,0,0,
2019-02-14,0,0,
2019-02-15,0,0,
2019-02-16,0,0,
2019-02-17,0,0,
2019-02-18,0,0,
2019-02-19,0,0,
2019-02-20,0,0,
2019-02-21,0,0,
2019-02-22,0,0,
2019-02-23,0,0,
2019-02-24,0,0,
2019-02-25,0,0,
2019-02-26,0,0,
2019-02-27,0,0,
2019-02-28,0,0,
2019-03-01,0,0,
2019-03-02,0,0,
2019-03-03,0,0,
2019-03-04,0,0,
2019-03-05,0,0,
2019-03-06,0,0,
2019-03-07,0,0,
2019-03-08,0,0,
2019-03-09,0,0,
2019-03-10,0,0,
2019-03-11,0,0,
2019-03-12,0,0,
2019-03-13,0,0,
2019-03-14,0,0,
2019-03-15,0,0,
2019-03-16,0,0,
2019-03-17,0,0,
2019-03-18,0,0,
2019-03-19,0,0,
2019-03-20,0,0,
2019-03-21,0,0,
2019-03-22,0,0,
2019-03-23,0,0,
2019-03-24,0,0,
2019-03-25,0,0,
2019-03-26,0,0,
2019-03-27,0,0,
2019-03-28,0,0,
2019-03-29,0,0,
2019-03-30,0,0,
2019-03-31,0,0,
2019-04-01,0,0,
2019-04-02,0,0,
2019-04-03,0,0,
2019-04-04,3.99,1,311.5
2019-04-05,0,0,
2019-04-06,0,0,
2019-04-07,0,0,
2019-04-08,0,0,
2019-04-09,0,0,
2019-04-10,3.91,1,312.85
2019-04-11,0,0,
2019-04-12,0,0,
2019-04-13,0,0,
2019-04-14,0,0,
2019-04-15,0,0,
2019-04-16,0,0,
2019-04-17,0,0,
2019-04-18,4.16,1,315.01
2019-04-19,0,0,
2019-04-20,0,0,
2019-04-21,0,0,
2019-04-22,0,0,
2019-04-23,0,0,
2019-04-24,0,0,
2019-04-25,0,0,
2019-04-26,0,0,
2019-04-27,0,0,
2019-04-28,1.35,1,298.98
2019-04-29,0,0,
2019-04-30,0,0,
2019-05-01,0,0,
2019-05-02,4.25,1,315.38
2019-05-03,0,0,
2019-05-04,3.6,1,317.81
2019-05-05,4.7,1,319.11
2019-05-06,0,0,
2019-05-07,0,0,
2019-05-08,0,0,
2019-05-09,2.61,1,307.25
2019-05-10,0,0,
2019-05-11,0,0,
2019-05-12,0,0,
2019-05-13,0,0,
2019-05-14,0,0,
2019-05-15,0,0,
2019-05-16,0,0,
2019-05-17,0,0,
2019-05-18,0,0,
2019-05-19,0,0,
2019-05-20,4.38,1,309.12
2019-05-21,4.43,1,311.91
2019-05-22,6.78,2,314.24
2019-05-23,0,0,
2019-05-24,0,0,
2019-05-25,6.31,2,316.54
2019-05-26,0,0,
2019-05-27,0,0,
2019-05-28,9.98,2,313.13
2019-05-29,0,0,
2019-05-30,0,0,
2019-05-31,0,0,
2019-06-01,3.79,1,311.88
2019-06-02,0,0,
2019-06-03,0,0,
2019-06-04,0,0,
2019-06-05,7.1,2,312.71
2019-06-06,0,0,
2019-06-07,0,0,
2019-06-08,0,0,
2019-06-09,1.65,1,308.96
2019-06-10,0,0,
2019-06-11,0,0,
2019-06-12,0,0,
2019-06-13,0,0,
2019-06-14,0,0,
2019-06-15,4.51,1,314.71
2019-06-16,0,0,
2019-06-17,3.47,1,317.3
2019-06-18,10.89,2,314.01
2019-06-19,2.63,1,311.95
2019-06-20,0,0,
2019-06-21,7.93,2,314.83
2019-06-22,5.96,1,314.97
2019-06-23,1.81,1,303.09
2019-06-24,3.66,1,320.78
2019-06-25,3.27,1,313.22
2019-06-26,5.61,1,320.36
2019-06-27,7.93,2,314.43
2019-06-28,3.44,1,321.9
2019-06-29,3.41,1,307.87
2019-06-30,0,0,
2019-07-01,0,0,
2019-07-02,0,0,
2019-07-03,0,0,
2019-07-04,0,0,
2019-07-05,10.18,2,313.67
2019-07-06,7.49,2,312.99
2019-07-07,4.62,1,307.6
2019-07-08,0,0,
2019-07-09,0,0,
2019-07-10,3.23,1,311.06
2019-07-11,4.05,1,319.49
2019-07-12,3.39,1,314.41
2019-07-13,12.92,4,315.58
2019-07-14,0,0,
2019-07-15,4.15,1,311.19
2019-07-16,4.57,1,317.18
2019-07-17,0,0,
2019-07-18,0,0,
2019-07-19,5.44,1,310.63
2019-07-20,0,0,
2019-07-21,0,0,
2019-07-22,5.1,2,319.85
2019-07-23,4.39,1,313.03
2019-07-24,0,0,
2019-07-25,0,0,
2019-07-26,5.82,2,313.02
2019-07-27,4.7,1,325.73
2019-07-28,7.45,2,322.49
2019-07-29,4.02,1,321.47
2019-07-30,1.23,1,305.87
2019-07-31,8.35,2,314.69
2019-08-01,4.76,1,322.34
2019-08-02,0,0,
2019-08-03,0,0,
2019-08-04,0,0,
2019-08-05,0,0,
2019-08-06,0,0,
2019-08-07,0,0,
2019-08-08,0,0,
2019-08-09,0,0,
2019-08-10,3.87,1,316.87
2019-08-11,1.82,1,308.36
2019-08-12,4.28,1,325.93
2019-08-13,0,0,
2019-08-14,8.06,2,312.44
2019-08-15,3.73,1,323.52
2019-08-16,0,0,
2019-08-17,0,0,
2019-08-18,5.52,2,316.51
2019-08-19,6.73,2,316.77
2019-08-20,4.97,1,321.18
2019-08-21,7.95,2,321.02
2019-08-22,3.75,1,318.32
2019-08-23,3.44,1,311.25
2019-08-24,11.2,2,319.4
2019-08-25,4.58,1,324.66
2019-08-26,3.2,1,315.39
2019-08-27,0,0,
2019-08-28,0,0,
2019-08-29,0,0,
2019-08-30,2.08,1,308.95
2019-08-31,4.04,2,314.67
2019-09-01,8.27,2,320.08
2019-09-02,4.3,1,329.37
2019-09-03,2.86,1,311.68
2019-09-04,7.09,2,310.95
2019-09-05,0,0,
2019-09-06,4.07,1,321.89
2019-09-07,6.45,2,316.29
2019-09-08,3.91,1,317.41
2019-09-09,0,0,
2019-09-10,6.25,2,315.35
2019-09-11,3.75,1,322.71
2019-09-12,0,0,
2019-09-13,3.93,1,330.68
2019-09-14,5.44,1,316.78
2019-09-15,3.82,1,313.46
2019-09-16,4.88,2,317.93
2019-09-17,0,0,
2019-09-18,2.48,1,313.4
2019-09-19,0,0,
2019-09-20,3.88,1,311.3
2019-09-21,0,0,
2019-09-22,0,0,
2019-09-23,3.97,1,312.01
2019-09-24,0,0,
2019-09-25,2.91,1,312.2
2019-09-26,3.59,1,314.12
2019-09-27,0,0,
2019-09-28,9.17,3,312.87
2019-09-29,0,0,
2019-09-30,0,0,
2019-10-01,0,0,
2019-10-02,1.67,1,313.29
2019-10-03,0,0,
2019-10-04,3.01,1,314.23
2019-10-05,4.09,1,317.22
2019-10-06,0,0,
2019-10-07,0,0,
2019-10-08,4.46,1,316.11
2019-10-09,4.66,1,310.36
2019-10-10,2,1,313.39
2019-10-11,3.86,1,316.02
2019-10-12,0,0,
2019-10-13,1.93,1,301.18
2019-10-14,0,0,
2019-10-15,3.18,1,318.3
2019-10-16,4.24,1,314.7
2019-10-17,0,0,
2019-10-18,2.92,1,315.19
2019-10-19,0,0,
2019-10-20,0,0,
2019-10-21,0,0,
2019-10-22,0,0,
2019-10-23,4.07,1,320.58
2019-10-24,0,0,
2019-10-25,0,0,
2019-10-26,0,0,
2019-10-27,0.47,1,298.78
2019-10-28,0,0,
2019-10-29,3.79,1,314.1
2019-10-30,0,0,
2019-10-31,0,0,
2019-11-01,0,0,
2019-11-02,0,0,
2019-11-03,0,0,
2019-11-04,0,0,
2019-11-05,0,0,
2019-11-06,3.36,1,313.15
2019-11-07,3.74,1,308.1
2019-11-08,0,0,
2019-11-09,0,0,
2019-11-10,4.15,2,311.28
2019-11-11,0,0,
2019-11-12,2.07,1,309.46
2019-11-13,0,0,
2019-11-14,0,0,
2019-11-15,0,0,
2019-11-16,0,0,
2019-11-17,0,0,
2019-11-18,2.79,1,309.55
2019-11-19,0,0,
2019-11-20,3.72,1,313.98
2019-11-21,4.19,1,319.37
2019-11-22,0,0,
2019-11-23,37.47,6,332.06
2019-11-24,0,0,
2019-11-25,0,0,
2019-11-26,5.04,1,316.08
2019-11-27,0,0,
2019-11-28,8.02,2,316.81
2019-11-29,0,0,
2019-11-30,0,0,
2019-12-01,0,0,
2019-12-02,0,0,
2019-12-03,3.28,1,315.44
2019-12-04,0,0,
2019-12-05,0,0,
2019-12-06,0,0,
2019-12-07,0,0,
2019-12-08,0,0,
2019-12-09,0,0,
2019-12-10,0,0,
2019-12-11,0,0,
2019-12-12,0,0,
2019-12-13,0,0,
2019-12-14,3.87,1,316.12
2019-12-15,0,0,
2019-12-16,0,0,
2019-12-17,0,0,
2019-12-18,0,0,
2019-12-19,0.64,1,302.48
2019-12-20,5,3,308.24
2019-12-21,0,0,
2019-12-22,5.55,1,325.65
2019-12-23,0,0,
2019-12-24,0,0,
2019-12-25,0,0,
2019-12-26,0,0,
2019-12-27,0,0,
2019-12-28,0,0,
2019-12-29,0,0,
2019-12-30,37.07,4,367
2019-12-31,0,0,
2020-01-01,0,0,
2020-01-02,0,0,
2020-01-03,0,0,
2020-01-04,0,0,
2020-01-05,0,0,
2020-01-06,0,0,
2020-01-07,0,0,
2020-01-08,0,0,
2020-01-09,0,0,
2020-01-10,0,0,
2020-01-11,0,0,
2020-01-12,0,0,
2020-01-13,0,0,
2020-01-14,0,0,
2020-01-15,0,0,
2020-01-16,4.59,1,316.49
2020-01-17,0,0,
2020-01-18,0,0,
2020-01-19,2.6,2,310.33
2020-01-20,0,0,
2020-01-21,0,0,
2020-01-22,0,0,
2020-01-23,0,0,
2020-01-24,0,0,
2020-01-25,0,0,
2020-01-26,0,0,
2020-01-27,0,0,
2020-01-28,0,0,
2020-01-29,4.5,1,308.06
2020-01-30,0,0,
2020-01-31,0,0,
2020-02-01,0,0,
2020-02-02,0,0,
2020-02-03,0,0,
2020-02-04,0,0,
2020-02-05,0,0,
2020-02-06,0,0,
2020-02-07,0,0,
2020-02-08,0,0,
2020-02-09,0,0,
2020-02-10,0,0,
2020-02-11,0,0,
2020-02-12,0,0,
2020-02-13,0,0,
2020-02-14,0,0,
2020-02-15,0,0,
2020-02-16,0,0,
2020-02-17,0,0,
2020-02-18,0,0,
2020-02-19,0,0,
2020-02-20,0,0,
2020-02-21,0,0,
2020-02-22,0,0,
2020-02-23,0,0,
2020-02-24,0,0,
2020-02-25,0,0,
2020-02-26,0,0,
2020-02-27,0,0,
2020-02-28,0,0,
2020-02-29,0,0,
2020-03-01,0,0,
2020-03-02,0,0,
2020-03-03,0,0,
2020-03-04,0,0,
2020-03-05,0,0,
2020-03-06,0,0,
2020-03-07,0,0,
2020-03-08,0,0,
2020-03-09,0,0,
2020-03-10,0,0,
2020-03-11,0,0,
2020-03-12,0,0,
2020-03-13,0,0,
2020-03-14,0,0,
2020-03-15,0,0,
2020-03-16,0,0,
2020-03-17,0,0,
2020-03-18,0,0,
2020-03-19,0,0,
2020-03-20,0,0,
2020-03-21,1.08,1,301.32
2020-03-22,0,0,
2020-03-23,0,0,
2020-03-24,0,0,
2020-03-25,0,0,
2020-03-26,0,0,
2020-03-27,0,0,
2020-03-28,0,0,
2020-03-29,2.77,1,309.84
2020-03-30,0,0,
2020-03-31,0,0,
2020-04-01,0,0,
2020-04-02,0,0,
2020-04-03,0,0,
2020-04-04,0,0,
2020-04-05,0,0,
2020-04-06,0,0,
2020-04-07,0,0,
2020-04-08,0,0,
2020-04-09,0,0,
2020-04-10,0,0,
2020-04-11,191.39,46,367
2020-04-12,173.18,13,367
2020-04-13,66.37,6,367
2020-04-14,111.47,12,367
2020-04-15,101.5,12,356.74
2020-04-16,228.77,21,367
2020-04-17,63.78,5,367
2020-04-18,20.47,6,328.36
2020-04-19,113.26,13,349.32
2020-04-20,83.81,9,367
2020-04-21,64.99,10,346.92
2020-04-22,63.21,3,348.77
2020-04-23,12.66,1,331
2020-04-24,37.6,3,350.12
2020-04-25,14.13,5,325.81
2020-04-26,27.92,7,337.62
2020-04-27,0,0,
2020-04-28,8.32,2,324.29
2020-04-29,0,0,
2020-04-30,0,0,
2020-05-01,7.54,2,332.95
2020-05-02,0,0,
2020-05-03,0,0,
2020-05-04,0,0,
2020-05-05,0,0,
2020-05-06,7.4,2,326.47
2020-05-07,20.26,2,341.24
2020-05-08,2.16,2,317.26
2020-05-09,0,0,
2020-05-10,14.89,1,336.78
2020-05-11,0,0,
2020-05-12,24.47,4,347.61
2020-05-13,8.68,1,326.91
2020-05-14,0,0,
2020-05-15,15.78,3,335.22
2020-05-16,27.75,4,331.85
2020-05-17,0,0,
2020-05-18,0,0,
2020-05-19,14.41,1,334.39
2020-05-20,0,0,
2020-05-21,0,0,
2020-05-22,16.26,2,336.58
2020-05-23,0,0,
2020-05-24,5.96,2,321.75
2020-05-25,16.72,3,335.13
2020-05-26,1.42,2,305.31
2020-05-27,0,0,
2020-05-28,0,0,
2020-05-29,2.28,1,308.4
2020-05-30,15.01,2,337.89
2020-05-31,4.3,2,310.05
2020-06-01,1.63,1,306.98
2020-06-02,0,0,
2020-06-03,0,0,
2020-06-04,2.2,1,305.02
2020-06-05,1.13,1,300.18
2020-06-06,1.86,1,307.27
2020-06-07,0,0,
2020-06-08,0,0,
2020-06-09,0,0,
2020-06-10,0,0,
2020-06-11,0,0,
2020-06-12,0,0,
2020-06-13,0,0,
2020-06-14,0,0,
2020-06-15,0,0,
2020-06-16,0,0,
2020-06-17,0,0,
2020-06-18,0,0,
2020-06-19,0,0,
2020-06-20,0,0,
2020-06-21,0,0,
2020-06-22,0,0,
2020-06-23,0,0,
2020-06-24,0,0,
2020-06-25,0,0,
2020-06-26,0,0,
2020-06-27,0,0,
2020-06-28,0,0,
2020-06-29,0,0,
2020-06-30,2.42,1,313.07
2020-07-01,0,0,
2020-07-02,0,0,
2020-07-03,0,0,
2020-07-04,0,0,
2020-07-05,0,0,
2020-07-06,0,0,
2020-07-07,0,0,
2020-07-08,0,0,
2020-07-09,0,0,
2020-07-10,2.32,1,309.12
2020-07-11,0,0,
2020-07-12,0,0,
2020-07-13,1.88,1,306.09
2020-07-14,0,0,
2020-07-15,0,0,
2020-07-16,0,0,
2020-07-17,0,0,
2020-07-18,0,0,
2020-07-19,0,0,
2020-07-20,0,0,
2020-07-21,2.92,1,312.6
2020-07-22,0,0,
2020-07-23,0,0,
2020-07-24,0,0,
2020-07-25,0,0,
2020-07-26,0,0,
2020-07-27,0,0,
2020-07-28,0,0,
2020-07-29,2.57,1,309.94
2020-07-30,0,0,
2020-07-31,0,0,
2020-08-01,2.9,1,311.72
2020-08-02,0,0,
2020-08-03,0,0,
2020-08-04,0,0,
2020-08-05,0,0,
2020-08-06,1.6,1,308.41
2020-08-07,0,0,
2020-08-08,0,0,
2020-08-09,1.86,1,310.67
2020-08-10,2.18,1,309.16
2020-08-11,0,0,
2020-08-12,0,0,
2020-08-13,0,0,
2020-08-14,0,0,
2020-08-15,0,0,
2020-08-16,0,0,
2020-08-17,3.5,1,311.02
2020-08-18,0,0,
2020-08-19,3.23,1,311.08
2020-08-20,0,0,
2020-08-21,0,0,
2020-08-22,0,0,
2020-08-23,0,0,
2020-08-24,3.41,1,308.71
2020-08-25,0,0,
2020-08-26,0,0,
2020-08-27,0,0,
2020-08-28,4.68,1,310.51
2020-08-29,0,0,
2020-08-30,16.26,2,329.14
2020-08-31,3.11,1,309.68
2020-09-01,0,0,
2020-09-02,0,0,
2020-09-03,0,0,
2020-09-04,0,0,
2020-09-05,0,0,
2020-09-06,0,0,
2020-09-07,0,0,
2020-09-08,0,0,
2020-09-09,0,0,
2020-09-10,2.55,1,312.04
2020-09-11,0,0,
2020-09-12,1.57,1,306.14
2020-09-13,0,0,
2020-09-14,0,0,
2020-09-15,1.95,1,312.62
2020-09-16,3.45,1,311.63
2020-09-17,0,0,
2020-09-18,2.76,1,310.14
2020-09-19,26.32,2,330.9
2020-09-20,0,0,
2020-09-21,0,0,
2020-09-22,0,0,
2020-09-23,0,0,
2020-09-24,0,0,
2020-09-25,0,0,
2020-09-26,0,0,
2020-09-27,0,0,
2020-09-28,0,0,
2020-09-29,0,0,
2020-09-30,4.06,1,312.28
2020-10-01,4.74,2,312.98
2020-10-02,0,0,
2020-10-03,0,0,
2020-10-04,0,0,
2020-10-05,0,0,
2020-10-06,0,0,
2020-10-07,0,0,
2020-10-08,3.34,1,308.91
2020-10-09,1.15,1,309.18
2020-10-10,0,0,
2020-10-11,0,0,
2020-10-12,0,0,
2020-10-13,11.4,1,331.51
2020-10-14,0,0,
2020-10-15,0,0,
2020-10-16,0,0,
2020-10-17,0,0,
2020-10-18,39.13,7,333.76
2020-10-19,10.4,1,335.58
2020-10-20,0,0,
2020-10-21,0,0,
2020-10-22,0,0,
2020-10-23,0,0,
2020-10-24,0,0,
2020-10-25,0,0,
2020-10-26,0,0,
2020-10-27,0,0,
2020-10-28,0,0,
2020-10-29,0,0,
2020-10-30,0,0,
2020-10-31,0,0,
2020-11-01,0,0,
2020-11-02,0,0,
2020-11-03,0,0,
2020-11-04,0,0,
2020-11-05,1.24,2,304.48
2020-11-06,0,0,
2020-11-07,0,0,
2020-11-08,0,0,
2020-11-09,0,0,
2020-11-10,0,0,
2020-11-11,0,0,
2020-11-12,0,0,
2020-11-13,0,0,
2020-11-14,10.82,1,330.82
2020-11-15,0,0,
2020-11-16,0,0,
2020-11-17,0,0,
2020-11-18,0,0,
2020-11-19,0,0,
2020-11-20,0,0,
2020-11-21,0,0,
2020-11-22,0,0,
2020-11-23,0,0,
2020-11-24,0,0,
2020-11-25,0,0,
2020-11-26,0,0,
2020-11-27,0,0,
2020-11-28,0,0,
2020-11-29,0,0,
2020-11-30,0,0,
2020-12-01,0,0,
2020-12-02,0,0,
2020-12-03,0,0,
2020-12-04,0,0,
2020-12-05,0,0,
2020-12-06,0,0,
2020-12-07,0,0,
2020-12-08,0,0,
2020-12-09,0,0,
2020-12-10,0,0,
2020-12-11,0,0,
2020-12-12,0,0,
2020-12-13,0,0,
2020-12-14,0,0,
2020-12-15,0,0,
2020-12-16,0,0,
2020-12-17,0,0,
2020-12-18,0,0,
2020-12-19,0,0,
2020-12-20,0,0,
2020-12-21,0,0,
2020-12-22,0,0,
2020-12-23,2.46,1,307.9
2020-12-24,0,0,
2020-12-25,0,0,
2020-12-26,0,0,
2020-12-27,0,0,
2020-12-28,0,0,
2020-12-29,0,0,
2020-12-30,0,0,
2020-12-31,0,0,
2021-01-01,0,0,
2021-01-02,0,0,
2021-01-03,0,0,
2021-01-04,0,0,
2021-01-05,0,0,
2021-01-06,0,0,
2021-01-07,0,0,
2021-01-08,0,0,
2021-01-09,0,0,
2021-01-10,0,0,
2021-01-11,0,0,
2021-01-12,0,0,
2021-01-13,0,0,
2021-01-14,0,0,
2021-01-15,0,0,
2021-01-16,0,0,
2021-01-17,0,0,
2021-01-18,0,0,
2021-01-19,0,0,
2021-01-20,0,0,
2021-01-21,0,0,
2021-01-22,0,0,
2021-01-23,0,0,
2021-01-24,0,0,
2021-01-25,11.25,1,329.4
2021-01-26,0,0,
2021-01-27,0,0,
2021-01-28,0,0,
2021-01-29,0,0,
2021-01-30,0,0,
2021-01-31,0,0,
2021-02-01,0,0,
2021-02-02,13,2,332.12
2021-02-03,0,0,
2021-02-04,0,0,
2021-02-05,0,0,
2021-02-06,0,0,
2021-02-07,0,0,
2021-02-08,0,0,
2021-02-09,0,0,
2021-02-10,0,0,
2021-02-11,0,0,
2021-02-12,0,0,
2021-02-13,0,0,
2021-02-14,0,0,
2021-02-15,0,0,
2021-02-16,0,0,
2021-02-17,0,0,
2021-02-18,0,0,
2021-02-19,0,0,
2021-02-20,0,0,
2021-02-21,0,0,
2021-02-22,0,0,
2021-02-23,0,0,
2021-02-24,0,0,
2021-02-25,0,0,
2021-02-26,0,0,
2021-02-27,0,0,
2021-02-28,0,0,
2021-03-01,0,0,
2021-03-02,0,0,
2021-03-03,0,0,
2021-03-04,0,0,
2021-03-05,18.54,3,330.9
2021-03-06,0,0,
2021-03-07,0,0,
2021-03-08,0,0,
2021-03-09,12.95,1,333.95
2021-03-10,0,0,
2021-03-11,0,0,
2021-03-12,0,0,
2021-03-13,0,0,
2021-03-14,0,0,
2021-03-15,0,0,
2021-03-16,0,0,
2021-03-17,0,0,
2021-03-18,0,0,
2021-03-19,0,0,
2021-03-20,0,0,
2021-03-21,0,0,
2021-03-22,0,0,
2021-03-23,0,0,
2021-03-24,0,0,
2021-03-25,0,0,
2021-03-26,0,0,
2021-03-27,0,0,
2021-03-28,0,0,
2021-03-29,15.95,1,325.24
2021-03-30,0,0,
2021-03-31,0,0,
2021-04-01,0,0,
2021-04-02,0,0,
2021-04-03,0,0,
2021-04-04,0,0,
2021-04-05,0,0,
2021-04-06,0,0,
2021-04-07,0,0,
2021-04-08,0,0,
2021-04-09,0,0,
2021-04-10,0,0,
2021-04-11,0,0,
2021-04-12,0,0,
2021-04-13,0,0,
2021-04-14,0,0,
2021-04-15,0,0,
2021-04-16,0,0,
2021-04-17,0,0,
2021-04-18,0,0,
2021-04-19,0,0,
2021-04-20,0,0,
2021-04-21,0,0,
2021-04-22,0,0,
2021-04-23,0,0,
2021-04-24,0,0,
2021-04-25,0,0,
2021-04-26,0,0,
2021-04-27,0,0,
2021-04-28,0,0,
2021-04-29,0,0,
2021-04-30,0,0,
2021-05-01,0,0,
2021-05-02,0,0,
2021-05-03,0,0,
2021-05-04,0,0,
2021-05-05,0,0,
2021-05-06,0,0,
2021-05-07,0,0,
2021-05-08,0,0,
2021-05-09,0,0,
2021-05-10,0,0,
2021-05-11,0,0,
2021-05-12,0,0,
2021-05-13,0,0,
2021-05-14,0,0,
2021-05-15,0,0,
2021-05-16,0,0,
2021-05-17,0,0,
2021-05-18,0,0,
2021-05-19,0,0,
2021-05-20,0,0,
2021-05-21,0,0,
2021-05-22,0,0,
2021-05-23,0,0,
2021-05-24,0,0,
2021-05-25,0,0,
2021-05-26,0,0,
2021-05-27,0,0,
2021-05-28,0,0,
2021-05-29,0,0,
2021-05-30,0,0,
2021-05-31,0,0,
2021-06-01,0,0,
2021-06-02,0,0,
2021-06-03,0,0,
2021-06-04,0,0,
2021-06-05,0,0,
2021-06-06,0,0,
2021-06-07,0,0,
2021-06-08,0,0,
2021-06-09,0,0,
2021-06-10,0,0,
2021-06-11,0,0,
2021-06-12,0,0,
2021-06-13,0,0,
2021-06-14,0,0,
2021-06-15,0,0,
2021-06-16,0,0,
2021-06-17,0,0,
2021-06-18,0,0,
2021-06-19,0,0,
2021-06-20,0,0,
2021-06-21,0,0,
2021-06-22,0,0,
2021-06-23,0,0,
2021-06-24,0,0,
2021-06-25,0,0,
2021-06-26,0,0,
2021-06-27,0,0,
2021-06-28,0,0,
2021-06-29,0,0,
2021-06-30,0,0,
2021-07-01,0,0,
2021-07-02,0,0,
2021-07-03,0,0,
2021-07-04,0,0,
2021-07-05,0,0,
2021-07-06,2.96,1,313.9
2021-07-07,0,0,
2021-07-08,0,0,
2021-07-09,0,0,
2021-07-10,0,0,
2021-07-11,0,0,
2021-07-12,0,0,
2021-07-13,0,0,
2021-07-14,0,0,
2021-07-15,0,0,
2021-07-16,0,0,
2021-07-17,0,0,
2021-07-18,0,0,
2021-07-19,0,0,
2021-07-20,0,0,
2021-07-21,0,0,
2021-07-22,3.23,1,313.87
2021-07-23,4.64,2,306.77
2021-07-24,2.21,1,315.81
2021-07-25,2.72,1,310.75
2021-07-26,3.2,1,315.23
2021-07-27,0,0,
2021-07-28,0,0,
2021-07-29,0,0,
2021-07-30,13.79,3,332.98
2021-07-31,12.94,3,317.7
2021-08-01,12.01,2,332.89
2021-08-02,0,0,
2021-08-03,11.4,1,337.95
2021-08-04,0,0,
2021-08-05,0,0,
2021-08-06,13.58,1,335.81
2021-08-07,10.87,1,332.02
2021-08-08,9,1,338.77
2021-08-09,0,0,
2021-08-10,0,0,
2021-08-11,0,0,
2021-08-12,0,0,
2021-08-13,0,0,
2021-08-14,0,0,
2021-08-15,0,0,
2021-08-16,0,0,
2021-08-17,12.68,2,328.83
2021-08-18,0,0,
2021-08-19,0,0,
2021-08-20,0,0,
2021-08-21,0,0,
2021-08-22,0,0,
2021-08-23,0,0,
2021-08-24,7.53,1,334.75
2021-08-25,0,0,
2021-08-26,4.03,1,317.59
2021-08-27,11.66,1,342.73
2021-08-28,3.2,2,322.09
2021-08-29,0,0,
2021-08-30,3.26,2,308.88
2021-08-31,0,0,
2021-09-01,0,0,
2021-09-02,0,0,
2021-09-03,6.84,1,331.39
2021-09-04,3.72,1,314.24
2021-09-05,0,0,
2021-09-06,0,0,
2021-09-07,0,0,
2021-09-08,0,0,
2021-09-09,10.46,1,338.72
2021-09-10,14.44,3,333.85
2021-09-11,0,0,
2021-09-12,0,0,
2021-09-13,0,0,
2021-09-14,0,0,
2021-09-15,0,0,
2021-09-16,0,0,
2021-09-17,0,0,
2021-09-18,0,0,
2021-09-19,0,0,
2021-09-20,5.42,1,336.56
2021-09-21,0,0,
2021-09-22,0,0,
2021-09-23,0,0,
2021-09-24,0,0,
2021-09-25,13.54,2,334.81
2021-09-26,4.02,1,327.44
2021-09-27,24.46,2,330.25
2021-09-28,0,0,
2021-09-29,13.15,3,331.93
2021-09-30,9.43,1,339.16
2021-10-01,0,0,
2021-10-02,10.83,1,336.39
2021-10-03,16.08,2,342.47
2021-10-04,0,0,
2021-10-05,22.1,2,338.32
2021-10-06,2.44,1,307.03
2021-10-07,0,0,
2021-10-08,13.18,6,313.77
2021-10-09,15.01,1,335.37
2021-10-10,0,0,
2021-10-11,11.21,3,336.48
2021-10-12,20.46,2,333.79
2021-10-13,7.26,3,313.94
2021-10-14,10.2,3,333.56
2021-10-15,2.97,1,310.31
2021-10-16,15.64,4,336.84
2021-10-17,8.09,3,326.96
2021-10-18,0,0,
2021-10-19,0,0,
2021-10-20,0,0,
2021-10-21,0,0,
2021-10-22,4.02,2,309.21
2021-10-23,0,0,
2021-10-24,0,0,
2021-10-25,12.9,2,335.73
2021-10-26,23.43,3,332.08
2021-10-27,6.06,3,312.44
2021-10-28,0,0,
2021-10-29,0,0,
2021-10-30,11.7,2,334.52
2021-10-31,0,0,
2021-11-01,0,0,
2021-11-02,0,0,
2021-11-03,0,0,
2021-11-04,0,0,
2021-11-05,0,0,
2021-11-06,0,0,
2021-11-07,0,0,
2021-11-08,0,0,
2021-11-09,0,0,
2021-11-10,0,0,
2021-11-11,0,0,
2021-11-12,0,0,
2021-11-13,0,0,
2021-11-14,0,0,
2021-11-15,0,0,
2021-11-16,0,0,
2021-11-17,0,0,
2021-11-18,0,0,
2021-11-19,0,0,
2021-11-20,0,0,
2021-11-21,0,0,
2021-11-22,0,0,
2021-11-23,0,0,
2021-11-24,0,0,
2021-11-25,0,0,
2021-11-26,0,0,
2021-11-27,0,0,
2021-11-28,0,0,
2021-11-29,0,0,
2021-11-30,0,0,
2021-12-01,0,0,
2021-12-02,0,0,
2021-12-03,0,0,
2021-12-04,0,0,
2021-12-05,0,0,
2021-12-06,0,0,
2021-12-07,0,0,
2021-12-08,0,0,
2021-12-09,0,0,
2021-12-10,0,0,
2021-12-11,0,0,
2021-12-12,0,0,
2021-12-13,0,0,
2021-12-14,0,0,
2021-12-15,0,0,
2021-12-16,0,0,
2021-12-17,0,0,
2021-12-18,0,0,
2021-12-19,0,0,
2021-12-20,0,0,
2021-12-21,0,0,
2021-12-22,0,0,
2021-12-23,0,0,
2021-12-24,0,0,
2021-12-25,0,0,
2021-12-26,0,0,
2021-12-27,0,0,
2021-12-28,0,0,
2021-12-29,0,0,
2021-12-30,0,0,
2021-12-31,0,0,
2022-01-01,0,0,
2022-01-02,0,0,
2022-01-03,0,0,
2022-01-04,0,0,
2022-01-05,0,0,
2022-01-06,0,0,
2022-01-07,0,0,
2022-01-08,0,0,
2022-01-09,0,0,
2022-01-10,0,0,
2022-01-11,0,0,
2022-01-12,0,0,
2022-01-13,0,0,
2022-01-14,0,0,
2022-01-15,0,0,
2022-01-16,0,0,
2022-01-17,0,0,
2022-01-18,0,0,
2022-01-19,0,0,
2022-01-20,0,0,
2022-01-21,0,0,
2022-01-22,0,0,
2022-01-23,0,0,
2022-01-24,0,0,
2022-01-25,0,0,
2022-01-26,0,0,
2022-01-27,0,0,
2022-01-28,0,0,
2022-01-29,0,0,
2022-01-30,0,0,
2022-01-31,0,0,
2022-02-01,0,0,
2022-02-02,0,0,
2022-02-03,117.03,7,356.36
2022-02-04,13.64,1,340.48
2022-02-05,0,0,
2022-02-06,0,0,
2022-02-07,0,0,
2022-02-08,0,0,
2022-02-09,0,0,
2022-02-10,0,0,
2022-02-11,0,0,
2022-02-12,0,0,
2022-02-13,0,0,
2022-02-14,0,0,
2022-02-15,0,0,
2022-02-16,0,0,
2022-02-17,0,0,
2022-02-18,0,0,
2022-02-19,0,0,
2022-02-20,0,0,
2022-02-21,0,0,
2022-02-22,0,0,
2022-02-23,0,0,
2022-02-24,0,0,
2022-02-25,0,0,
2022-02-26,0,0,
2022-02-27,0,0,
2022-02-28,0,0,
2022-03-01,0,0,
2022-03-02,0,0,
2022-03-03,0,0,
2022-03-04,0,0,
2022-03-05,0,0,
2022-03-06,0,0,
2022-03-07,0,0,
2022-03-08,0,0,
2022-03-09,0,0,
2022-03-10,0,0,
2022-03-11,0,0,
2022-03-12,0,0,
2022-03-13,0,0,
2022-03-14,0,0,
2022-03-15,0,0,
2022-03-16,0,0,
2022-03-17,0,0,
2022-03-18,0,0,
2022-03-19,0,0,
2022-03-20,0,0,
2022-03-21,0,0,
2022-03-22,0,0,
2022-03-23,0,0,
2022-03-24,23.28,3,339.52
2022-03-25,0,0,
2022-03-26,0,0,
2022-03-27,0,0,
2022-03-28,0,0,
2022-03-29,0,0,
2022-03-30,0,0,
2022-03-31,0,0,
2022-04-01,0,0,
2022-04-02,0,0,
2022-04-03,0,0,
2022-04-04,0,0,
2022-04-05,0,0,
2022-04-06,0,0,
2022-04-07,0,0,
2022-04-08,0,0,
2022-04-09,0,0,
2022-04-10,0,0,
2022-04-11,0,0,
2022-04-12,0,0,
2022-04-13,0,0,
2022-04-14,0,0,
2022-04-15,0,0,
2022-04-16,0,0,
2022-04-17,0,0,
2022-04-18,14.39,1,339.82
2022-04-19,8.71,1,328.04
2022-04-20,0,0,
2022-04-21,0,0,
2022-04-22,0,0,
2022-04-23,55.89,22,349.1
2022-04-24,0,0,
2022-04-25,58.47,5,350.4
2022-04-26,11.7,3,336.38
2022-04-27,21.27,4,334.09
2022-04-28,0,0,
2022-04-29,16.26,2,352.97
2022-04-30,125.45,20,354.39
2022-05-01,38.41,6,336.02
2022-05-02,35.78,4,354.52
2022-05-03,0,0,
2022-05-04,34.74,10,327.61
2022-05-05,0,0,
2022-05-06,0,0,
2022-05-07,17.32,2,352.01
2022-05-08,10.96,4,329.45
2022-05-09,53.98,10,342.25
2022-05-10,32.35,5,344.92
2022-05-11,39.93,7,338.61
2022-05-12,0,0,
2022-05-13,86.93,15,352.01
2022-05-14,99.06,16,342.11
2022-05-15,52.8,8,347.33
2022-05-16,40.61,4,339.19
2022-05-17,23.35,2,339.25
2022-05-18,9.46,4,327.16
2022-05-19,68.86,11,346.44
2022-05-20,0,0,
2022-05-21,0,0,
2022-05-22,4.37,1,305.17
2022-05-23,9.17,1,334.84
2022-05-24,0,0,
2022-05-25,0,0,
2022-05-26,0,0,
2022-05-27,18.69,4,332.19
2022-05-28,8.03,1,331.97
2022-05-29,0,0,
2022-05-30,0,0,
2022-05-31,0,0,
2022-06-01,0,0,
2022-06-02,20.74,2,335.8
2022-06-03,30.41,6,335.13
2022-06-04,14.04,3,332.61
2022-06-05,38.1,8,346.45
2022-06-06,24.05,2,337.21
2022-06-07,0,0,
2022-06-08,6.17,2,323.17
2022-06-09,0,0,
2022-06-10,15.36,2,342.39
2022-06-11,0,0,
2022-06-12,5.45,1,338.01
2022-06-13,0,0,
2022-06-14,0,0,
2022-06-15,13.04,4,327.91
2022-06-16,32.66,2,338.62
2022-06-17,0,0,
2022-06-18,20.28,4,367
2022-06-19,36.24,3,348.49
2022-06-20,0,0,
2022-06-21,13.37,2,338.97
2022-06-22,37.36,4,345.01
2022-06-23,0,0,
2022-06-24,0,0,
2022-06-25,0,0,
2022-06-26,6.07,1,332.26
2022-06-27,0,0,
2022-06-28,0,0,
2022-06-29,41.43,2,367
2022-06-30,101.45,9,367
2022-07-01,29.1,3,343.2
2022-07-02,0,0,
2022-07-03,9.52,1,339.68
2022-07-04,28.58,3,342.83
2022-07-05,28.99,5,367
2022-07-06,0,0,
2022-07-07,18.96,2,344.42
2022-07-08,46.25,5,340.56
2022-07-09,67.72,8,343.15
2022-07-10,162.58,12,367
2022-07-11,61.26,8,367
2022-07-12,38.61,5,367
2022-07-13,2.14,1,300.53
2022-07-14,2.04,1,300.3
2022-07-15,27.34,5,341.35
2022-07-16,0,0,
2022-07-17,0,0,
2022-07-18,80.49,5,355.43
2022-07-19,57.77,7,367
2022-07-20,15.82,1,367
2022-07-21,40.04,5,367
2022-07-22,16.43,4,334.2
2022-07-23,64.11,15,356.08
2022-07-24,12.88,2,356.4
2022-07-25,19.98,6,340.22
2022-07-26,0,0,
2022-07-27,25.95,3,339.33
2022-07-28,0,0,
2022-07-29,0,0,
2022-07-30,9.67,1,328.32
2022-07-31,34.53,4,339.09
2022-08-01,19.94,2,344.82
2022-08-02,44.11,2,345.12
2022-08-03,55.75,4,336.56
2022-08-04,21.21,2,356.46
2022-08-05,0,0,
2022-08-06,27.09,4,367
2022-08-07,0,0,
2022-08-08,24.29,2,349.63
2022-08-09,13.05,1,352.2
2022-08-10,42.02,5,343.52
2022-08-11,21.28,3,342.28
2022-08-12,26.91,4,341.97
2022-08-13,34.91,4,341.75
2022-08-14,8.8,3,317.44
2022-08-15,10.03,1,341.58
2022-08-16,22.98,2,335.03
2022-08-17,29.85,3,344.19
2022-08-18,39.15,2,352.39
2022-08-19,32.94,3,345.06
2022-08-20,20.28,1,347.3
2022-08-21,11.56,6,347.32
2022-08-22,0,0,
2022-08-23,41.26,8,344.87
2022-08-24,7.57,1,344.35
2022-08-25,53.93,7,348.75
2022-08-26,7.35,1,335
2022-08-27,0,0,
2022-08-28,0,0,
2022-08-29,20.74,5,334.02
2022-08-30,11.44,2,338
2022-08-31,73.2,9,346.27
2022-09-01,23.97,3,339.1
2022-09-02,26.93,3,339.48
2022-09-03,0,0,
2022-09-04,0,0,
2022-09-05,2.46,1,331.84
2022-09-06,11.5,3,323.08
2022-09-07,0,0,
2022-09-08,15.28,4,331.89
2022-09-09,0,0,
2022-09-10,7.41,1,341.51
2022-09-11,18.22,2,342.74
2022-09-12,0,0,
2022-09-13,29.12,4,347.81
2022-09-14,0,0,
2022-09-15,36.88,5,349.94
2022-09-16,7.78,2,330.91
2022-09-17,35.28,3,348.2
2022-09-18,26.26,3,342.66
2022-09-19,0,0,
2022-09-20,11.92,1,345.26
2022-09-21,49.53,7,347.16
2022-09-22,4.61,2,319.44
2022-09-23,3.13,1,318.97
2022-09-24,40.87,3,345.28
2022-09-25,65.68,6,347.94
2022-09-26,29.42,3,345.49
2022-09-27,11.37,3,339.07
2022-09-28,31.7,2,335.89
2022-09-29,51.08,6,339
2022-09-30,50.97,6,343.91
2022-10-01,64.68,8,341.75
2022-10-02,3.68,1,320.68
2022-10-03,0,0,
2022-10-04,19.58,2,340.82
2022-10-05,6.66,3,303.99
2022-10-06,8.72,4,320.02
2022-10-07,0,0,
2022-10-08,3.51,1,326.03
2022-10-09,0,0,
2022-10-10,2.39,1,328.48
2022-10-11,3.03,1,308.13
2022-10-12,2.98,1,315.39
2022-10-13,7.08,2,323.63
2022-10-14,0,0,
2022-10-15,1.61,1,318.58
2022-10-16,0,0,
2022-10-17,11.71,2,344.33
2022-10-18,3.68,4,304.19
2022-10-19,0,0,
2022-10-20,0,0,
2022-10-21,0,0,
2022-10-22,0,0,
2022-10-23,0,0,
2022-10-24,0,0,
2022-10-25,6.52,2,328.66
2022-10-26,0,0,
2022-10-27,6.94,1,333.2
2022-10-28,0,0,
2022-10-29,54.78,8,344.17
2022-10-30,16.12,4,328.68
2022-10-31,15.26,2,332.74
2022-11-01,17.3,2,338.13
2022-11-02,4.61,2,312.47
2022-11-03,6.39,1,339.03
2022-11-04,8.22,1,345.15
2022-11-05,0,0,
2022-11-06,0,0,
2022-11-07,20.78,2,345.69
2022-11-08,0,0,
2022-11-09,0,0,
2022-11-10,0,0,
2022-11-11,0.57,1,304.09
2022-11-12,0,0,
2022-11-13,0,0,
2022-11-14,0,0,
2022-11-15,0,0,
2022-11-16,11.52,1,337.53
2022-11-17,0,0,
2022-11-18,0,0,
2022-11-19,0,0,
2022-11-20,11.98,1,337.53
2022-11-21,0,0,
2022-11-22,0,0,
2022-11-23,0,0,
2022-11-24,0,0,
2022-11-25,4.59,1,325.51
2022-11-26,0,0,
2022-11-27,0,0,
2022-11-28,20.1,6,340.55
2022-11-29,25.7,3,341.32
2022-11-30,9.99,2,326.53
2022-12-01,14.31,4,320.45
2022-12-02,3.67,1,330.29
2022-12-03,0,0,
2022-12-04,6.21,1,326.81
2022-12-05,0,0,
2022-12-06,0,0,
2022-12-07,0,0,
2022-12-08,0,0,
2022-12-09,0,0,
2022-12-10,0,0,
2022-12-11,4.8,2,312.19
2022-12-12,0,0,
2022-12-13,0,0,
2022-12-14,9.74,1,338.73
2022-12-15,7.48,1,330.61
2022-12-16,0,0,
2022-12-17,43.86,4,348.5
2022-12-18,18.35,4,348.74
2022-12-19,2.1,1,310.57
2022-12-20,0,0,
2022-12-21,0,0,
2022-12-22,0,0,
2022-12-23,0,0,
2022-12-24,0,0,
2022-12-25,0,0,
2022-12-26,0,0,
2022-12-27,0,0,
2022-12-28,0,0,
2022-12-29,0,0,
2022-12-30,0,0,
2022-12-31,0,0,
2023-01-01,1,1,300.34
2023-01-02,2.77,2,307.93
2023-01-03,4.45,2,318.03
2023-01-04,0,0,
2023-01-05,0,0,
2023-01-06,0,0,
2023-01-07,0,0,
2023-01-08,0,0,
2023-01-09,3.7,2,313.47
2023-01-10,0,0,
2023-01-11,6.75,2,331.36
2023-01-12,6.84,2,317.42
2023-01-13,53.79,6,339.94
2023-01-14,24.59,4,334.24
2023-01-15,0,0,
2023-01-16,2.42,2,308.42
2023-01-17,3.52,2,316.43
2023-01-18,0,0,
2023-01-19,0,0,
2023-01-20,0,0,
2023-01-21,0,0,
2023-01-22,0,0,
2023-01-23,0,0,
2023-01-24,0,0,
2023-01-25,6.46,2,332.73
2023-01-26,0,0,
2023-01-27,0,0,
2023-01-28,0,0,
2023-01-29,0,0,
2023-01-30,6.78,1,338.46
2023-01-31,0,0,
2023-02-01,6.14,2,331.14
2023-02-02,0,0,
2023-02-03,0,0,
2023-02-04,0,0,
2023-02-05,26.71,2,339.63
2023-02-06,22.43,3,337.46
2023-02-07,0,0,
2023-02-08,0,0,
2023-02-09,0,0,
2023-02-10,0,0,
2023-02-11,0,0,
2023-02-12,0,0,
2023-02-13,0,0,
2023-02-14,0,0,
2023-02-15,0,0,
2023-02-16,0,0,
2023-02-17,0,0,
2023-02-18,16.9,2,331.15
2023-02-19,0,0,
2023-02-20,0,0,
2023-02-21,0,0,
2023-02-22,0,0,
2023-02-23,0,0,
2023-02-24,0,0,
2023-02-25,0,0,
2023-02-26,0,0,
2023-02-27,0,0,
2023-02-28,0,0,
2023-03-01,0,0,
2023-03-02,0,0,
2023-03-03,0,0,
2023-03-04,0,0,
2023-03-05,0,0,
2023-03-06,0,0,
2023-03-07,14.23,1,332.72
2023-03-08,0,0,
2023-03-09,13.8,1,330.14
2023-03-10,0,0,
2023-03-11,0,0,
2023-03-12,0,0,
2023-03-13,0,0,
2023-03-14,0,0,
2023-03-15,0,0,
2023-03-16,0,0,
2023-03-17,59.44,7,335.57
2023-03-18,15.46,1,335.44
2023-03-19,0,0,
2023-03-20,22.77,2,331.01
2023-03-21,0,0,
2023-03-22,0,0,
2023-03-23,0,0,
2023-03-24,0,0,
2023-03-25,0,0,
2023-03-26,0,0,
2023-03-27,0,0,
2023-03-28,0,0,
2023-03-29,0,0,
2023-03-30,0,0,
2023-03-31,0,0,
2023-04-01,0,0,
2023-04-02,0,0,
2023-04-03,0,0,
2023-04-04,0,0,
2023-04-05,0,0,
2023-04-06,0,0,
2023-04-07,0,0,
2023-04-08,0,0,
2023-04-09,0,0,
2023-04-10,0,0,
2023-04-11,0,0,
2023-04-12,0,0,
2023-04-13,0,0,
2023-04-14,0,0,
2023-04-15,0,0,
2023-04-16,0,0,
2023-04-17,0,0,
2023-04-18,0,0,
2023-04-19,0,0,
2023-04-20,13.83,1,327.27
2023-04-21,0,0,
2023-04-22,0,0,
2023-04-23,0,0,
2023-04-24,0,0,
2023-04-25,0,0,
2023-04-26,0,0,
2023-04-27,0,0,
2023-04-28,0,0,
2023-04-29,0,0,
2023-04-30,0,0,
2023-05-01,33.61,4,328.8
2023-05-02,0,0,
2023-05-03,2.91,1,313.32
2023-05-04,26.09,2,329.96
2023-05-05,0,0,
2023-05-06,0,0,
2023-05-07,0,0,
2023-05-08,0,0,
2023-05-09,0,0,
2023-05-10,0,0,
2023-05-11,0,0,
2023-05-12,0,0,
2023-05-13,0,0,
2023-05-14,0,0,
2023-05-15,0,0,
2023-05-16,0,0,
2023-05-17,0,0,
2023-05-18,0,0,
2023-05-19,0,0,
2023-05-20,0,0,
2023-05-21,0,0,
2023-05-22,0,0,
2023-05-23,0,0,
2023-05-24,0,0,
2023-05-25,3.76,1,309.45
2023-05-26,0,0,
2023-05-27,0,0,
2023-05-28,0,0,
2023-05-29,10.68,1,334.89
2023-05-30,2.98,1,318.3
2023-05-31,0,0,
2023-06-01,20.73,2,334.23
2023-06-02,4.59,1,313.1
2023-06-03,0,0,
2023-06-04,3.17,1,311.32
2023-06-05,0,0,
2023-06-06,0,0,
2023-06-07,0,0,
2023-06-08,0,0,
2023-06-09,0,0,
2023-06-10,0,0,
2023-06-11,7.74,1,317.57
2023-06-12,0,0,
2023-06-13,0,0,
2023-06-14,0,0,
2023-06-15,0,0,
2023-06-16,0,0,
2023-06-17,0,0,
2023-06-18,3.84,1,313.35
2023-06-19,0,0,
2023-06-20,0,0,
2023-06-21,0,0,
2023-06-22,0,0,
2023-06-23,0,0,
2023-06-24,0,0,
2023-06-25,0,0,
2023-06-26,0,0,
2023-06-27,0,0,
2023-06-28,0,0,
2023-06-29,0,0,
2023-06-30,0,0,
2023-07-01,0,0,
2023-07-02,0,0,
2023-07-03,0,0,
2023-07-04,0,0,
2023-07-05,0,0,
2023-07-06,0,0,
2023-07-07,0,0,
2023-07-08,0,0,
2023-07-09,0,0,
2023-07-10,0,0,
2023-07-11,0,0,
2023-07-12,0,0,
2023-07-13,0,0,
2023-07-14,0,0,
2023-07-15,0,0,
2023-07-16,0,0,
2023-07-17,0,0,
2023-07-18,0,0,
2023-07-19,0,0,
2023-07-20,0,0,
2023-07-21,0,0,
2023-07-22,0,0,
2023-07-23,0,0,
2023-07-24,0,0,
2023-07-25,0,0,
2023-07-26,0,0,
2023-07-27,0,0,
2023-07-28,0,0,
2023-07-29,0,0,
2023-07-30,0,0,
2023-07-31,0,0,
2023-08-01,0,0,
2023-08-02,0,0,
2023-08-03,0,0,
2023-08-04,0,0,
2023-08-05,0,0,
2023-08-06,0,0,
2023-08-07,0,0,
2023-08-08,0,0,
2023-08-09,0,0,
2023-08-10,0,0,
2023-08-11,0,0,
2023-08-12,0,0,
2023-08-13,0,0,
2023-08-14,0,0,
2023-08-15,0,0,
2023-08-16,0,0,
2023-08-17,0,0,
2023-08-18,0,0,
2023-08-19,0,0,
2023-08-20,0,0,
2023-08-21,0,0,
2023-08-22,0,0,
2023-08-23,0,0,
2023-08-24,0,0,
2023-08-25,0,0,
2023-08-26,0,0,
2023-08-27,0,0,
2023-08-28,0,0,
2023-08-29,0,0,
2023-08-30,0,0,
2023-08-31,0,0,
2023-09-01,0,0,
2023-09-02,0,0,
2023-09-03,0,0,
2023-09-04,0,0,
2023-09-05,0,0,
2023-09-06,0,0,
2023-09-07,0,0,
2023-09-08,0,0,
2023-09-09,0,0,
2023-09-10,63.22,4,367
2023-09-11,30.5,3,345.94
2023-09-12,3.94,1,340.16
2023-09-13,4.1,2,310.62
2023-09-14,11.14,1,330.13
2023-09-15,17.8,3,336.12
2023-09-16,0,0,
2023-09-17,0,0,
2023-09-18,0,0,
2023-09-19,0,0,
2023-09-20,10.36,1,338.14
2023-09-21,0,0,
2023-09-22,0,0,
2023-09-23,0,0,
2023-09-24,2.92,1,314.31
2023-09-25,2.52,2,311.33
2023-09-26,3.15,1,313.02
2023-09-27,0,0,
2023-09-28,0,0,
2023-09-29,0,0,
2023-09-30,0,0,
2023-10-01,1.77,1,304.25
2023-10-02,0,0,
2023-10-03,0,0,
2023-10-04,0,0,
2023-10-05,5.06,2,311.88
2023-10-06,11.27,2,339.14
2023-10-07,0,0,
2023-10-08,14.59,2,333.32
2023-10-09,19.66,2,342.44
2023-10-10,3.28,1,315.35
2023-10-11,10.26,1,335.03
2023-10-12,13.86,2,333.44
2023-10-13,6.86,2,314.89
2023-10-14,13.86,1,341.95
2023-10-15,5.13,1,315.33
2023-10-16,2.27,1,314.19
2023-10-17,13.4,2,336.52
2023-10-18,3.88,2,311.37
2023-10-19,9.06,3,318.61
2023-10-20,12.65,4,316.27
2023-10-21,15.02,1,331.51
2023-10-22,13,1,340.16
2023-10-23,5.14,2,315.84
2023-10-24,29.59,5,335.57
2023-10-25,18.08,5,332.59
2023-10-26,4.3,2,315.23
2023-10-27,15.66,2,332.83
2023-10-28,14.48,2,341.52
2023-10-29,29.15,4,337.27
2023-10-30,19.2,3,338.91
2023-10-31,8.25,2,317.45
2023-11-01,14.46,1,336.09
2023-11-02,0,0,
2023-11-03,4.2,2,313.08
2023-11-04,28.6,2,340.11
2023-11-05,0,0,
2023-11-06,22.29,2,338.4
2023-11-07,17.6,2,344.63
2023-11-08,0,0,
2023-11-09,17.25,3,332.16
2023-11-10,21.32,4,338.84
2023-11-11,8.98,4,314.54
2023-11-12,45.48,4,341.08
2023-11-13,17.53,3,327.96
2023-11-14,0,0,
2023-11-15,0,0,
2023-11-16,0,0,
2023-11-17,0,0,
2023-11-18,18.63,2,349.09
2023-11-19,16.05,3,331.32
2023-11-20,10.96,1,337.69
2023-11-21,5.71,1,319.66
2023-11-22,0,0,
2023-11-23,0,0,
2023-11-24,0,0,
2023-11-25,0,0,
2023-11-26,1.28,1,297.66
2023-11-27,15.5,4,334.36
2023-11-28,10.58,1,346.82
2023-11-29,0,0,
2023-11-30,24.11,4,341.76
2023-12-01,0,0,
2023-12-02,0,0,
2023-12-03,0,0,
2023-12-04,0,0,
2023-12-05,28.24,3,346.98
2023-12-06,41.93,4,349.88
2023-12-07,0,0,
2023-12-08,18.28,2,341.04
2023-12-09,0,0,
2023-12-10,24.12,2,333.24
2023-12-11,26,2,342.99
2023-12-12,63.13,7,353.26
2023-12-13,73.11,10,351.81
2023-12-14,64.71,7,343.01
2023-12-15,35.82,4,347.1
2023-12-16,48.58,5,342.01
2023-12-17,13.38,1,336.48
2023-12-18,18.23,2,336.67
2023-12-19,2.41,1,304.74
2023-12-20,15.87,2,340.09
2023-12-21,0,0,
2023-12-22,17.34,1,331.26
2023-12-23,16.38,3,335.51
2023-12-24,2.67,1,319.61
2023-12-25,0,0,
2023-12-26,3.31,1,314
2023-12-27,17.88,1,325.99
2023-12-28,0,0,
2023-12-29,4.43,1,312.78
2023-12-30,0,0,
2023-12-31,0,0,
2024-01-01,0,0,
2024-01-02,0,0,
2024-01-03,0,0,
2024-01-04,0,0,
2024-01-05,0,0,
2024-01-06,0,0,
2024-01-07,0,0,
2024-01-08,0,0,
2024-01-09,0,0,
2024-01-10,0,0,
2024-01-11,0,0,
2024-01-12,0,0,
2024-01-13,0,0,
2024-01-14,0,0,
2024-01-15,0,0,
2024-01-16,0,0,
2024-01-17,0,0,
2024-01-18,0,0,
2024-01-19,0,0,
2024-01-20,0,0,
2024-01-21,0,0,
2024-01-22,0,0,
2024-01-23,0,0,
2024-01-24,0,0,
2024-01-25,0,0,
2024-01-26,0,0,
2024-01-27,0,0,
2024-01-28,0,0,
2024-01-29,3.56,1,307
2024-01-30,0,0,
2024-01-31,0,0,
2024-02-01,0,0,
2024-02-02,0,0,
2024-02-03,0,0,
2024-02-04,0,0,
2024-02-05,0,0,
2024-02-06,0,0,
2024-02-07,0,0,
2024-02-08,2.21,1,309.41
2024-02-09,3.19,1,317.77
2024-02-10,1.54,1,307.33
2024-02-11,36.68,6,338.16
2024-02-12,33.27,3,329.78
2024-02-13,17.46,3,336.03
2024-02-14,0,0,
2024-02-15,0,0,
2024-02-16,0,0,
2024-02-17,0,0,
2024-02-18,0,0,
2024-02-19,0,0,
2024-02-20,0,0,
2024-02-21,0,0,
2024-02-22,0,0,
2024-02-23,0,0,
2024-02-24,0,0,
2024-02-25,0,0,
2024-02-26,0,0,
2024-02-27,0,0,
2024-02-28,0,0,
2024-02-29,0,0,
2024-03-01,0,0,
2024-03-02,0,0,
2024-03-03,0,0,
2024-03-04,0,0,
2024-03-05,0,0,
2024-03-06,0,0,
2024-03-07,0,0,
2024-03-08,0,0,
2024-03-09,0,0,
2024-03-10,0,0,
2024-03-11,0,0,
2024-03-12,0,0,
2024-03-13,0,0,
2024-03-14,0,0,
2024-03-15,0,0,
2024-03-16,0,0,
2024-03-17,0,0,
2024-03-18,0,0,
2024-03-19,0,0,
2024-03-20,0,0,
2024-03-21,0,0,
2024-03-22,0,0,
2024-03-23,0,0,
2024-03-24,0,0,
2024-03-25,0,0,
2024-03-26,0,0,
2024-03-27,29.82,2,327.62
2024-03-28,0,0,
2024-03-29,0,0,
2024-03-30,0,0,
2024-03-31,0,0,
2024-04-01,0,0,
2024-04-02,0,0,
2024-04-03,0,0,
2024-04-04,0,0,
2024-04-05,0,0,
2024-04-06,0,0,
2024-04-07,0,0,
2024-04-08,0,0,
2024-04-09,0,0,
2024-04-10,0,0,
2024-04-11,0,0,
2024-04-12,0,0,
2024-04-13,0,0,
2024-04-14,0,0,
2024-04-15,0,0,
2024-04-16,0,0,
2024-04-17,0,0,
2024-04-18,0,0,
2024-04-19,0,0,
2024-04-20,0,0,
2024-04-21,0,0,
2024-04-22,0,0,
2024-04-23,0,0,
2024-04-24,0,0,
2024-04-25,0,0,
2024-04-26,0,0,
2024-04-27,0,0,
2024-04-28,0,0,
2024-04-29,0,0,
2024-04-30,0,0,
2024-05-01,0,0,
2024-05-02,0,0,
2024-05-03,0,0,
2024-05-04,0,0,
2024-05-05,0,0,
2024-05-06,0,0,
2024-05-07,0,0,
2024-05-08,0,0,
2024-05-09,0,0,
2024-05-10,0,0,
2024-05-11,0,0,
2024-05-12,0,0,
2024-05-13,0,0,
2024-05-14,0,0,
2024-05-15,0,0,
2024-05-16,0,0,
2024-05-17,0,0,
2024-05-18,0,0,
2024-05-19,0,0,
2024-05-20,0,0,
2024-05-21,0,0,
2024-05-22,0,0,
2024-05-23,0,0,
2024-05-24,0,0,
2024-05-25,0,0,
2024-05-26,0,0,
2024-05-27,0,0,
2024-05-28,0,0,
2024-05-29,0,0,
2024-05-30,0,0,
2024-05-31,0,0,
2024-06-01,0,0,
2024-06-02,0,0,
2024-06-03,0,0,
2024-06-04,0,0,
2024-06-05,0,0,
2024-06-06,0,0,
2024-06-07,0,0,
2024-06-08,0,0,
2024-06-09,0,0,
2024-06-10,0,0,
2024-06-11,0,0,
2024-06-12,0,0,
2024-06-13,0,0,
2024-06-14,0,0,
2024-06-15,0,0,
2024-06-16,0,0,
2024-06-17,0,0,
2024-06-18,0,0,
2024-06-19,0,0,
2024-06-20,0,0,
2024-06-21,0,0,
2024-06-22,0,0,
2024-06-23,0,0,
2024-06-24,0,0,
2024-06-25,0,0,
2024-06-26,0,0,
2024-06-27,0,0,
2024-06-28,0,0,
2024-06-29,0,0,
2024-06-30,0,0,
2024-07-01,0,0,
2024-07-02,0,0,
2024-07-03,0,0,
2024-07-04,0,0,
2024-07-05,0,0,
2024-07-06,0,0,
2024-07-07,0,0,
2024-07-08,0,0,
2024-07-09,0,0,
2024-07-10,0,0,
2024-07-11,0,0,
2024-07-12,0,0,
2024-07-13,0,0,
2024-07-14,0,0,
2024-07-15,0,0,
2024-07-16,0,0,
2024-07-17,0,0,
2024-07-18,0,0,
2024-07-19,0,0,
2024-07-20,0,0,
2024-07-21,0,0,
2024-07-22,0,0,
2024-07-23,0,0,
2024-07-24,0,0,
2024-07-25,0,0,
2024-07-26,0,0,
2024-07-27,0,0,
2024-07-28,0,0,
2024-07-29,0,0,
2024-07-30,0,0,
2024-07-31,0,0,
2024-08-01,0,0,
2024-08-02,0,0,
2024-08-03,0,0,
2024-08-04,0,0,
2024-08-05,0,0,
2024-08-06,0,0,
2024-08-07,0,0,
2024-08-08,0,0,
2024-08-09,34.04,3,331.7
2024-08-10,12.55,1,328.66
2024-08-11,0,0,
2024-08-12,0,0,
2024-08-13,0,0,
2024-08-14,0,0,
2024-08-15,0,0,
2024-08-16,0,0,
2024-08-17,0,0,
2024-08-18,0,0,
2024-08-19,0,0,
2024-08-20,0,0,
2024-08-21,0,0,
2024-08-22,43.08,4,329.18
2024-08-23,0,0,
2024-08-24,0,0,
2024-08-25,0,0,
2024-08-26,0,0,
2024-08-27,0,0,
2024-08-28,0,0,
2024-08-29,0,0,
2024-08-30,0,0,
2024-08-31,0,0,
2024-09-01,0,0,
2024-09-02,0,0,
2024-09-03,0,0,
2024-09-04,0,0,
2024-09-05,0,0,
2024-09-06,0,0,
2024-09-07,0,0,
2024-09-08,0,0,
2024-09-09,0,0,
2024-09-10,0,0,
2024-09-11,0,0,
2024-09-12,0,0,
2024-09-13,0,0,
2024-09-14,0,0,
2024-09-15,0,0,
2024-09-16,0,0,
2024-09-17,0,0,
2024-09-18,0,0,
2024-09-19,0,0,
2024-09-20,0,0,
2024-09-21,0,0,
2024-09-22,0,0,
2024-09-23,0,0,
2024-09-24,0,0,
2024-09-25,0,0,
2024-09-26,0,0,
2024-09-27,0,0,
2024-09-28,0,0,
2024-09-29,0,0,
2024-09-30,0,0,
2024-10-01,0,0,
2024-10-02,0,0,
2024-10-03,0,0,
2024-10-04,0,0,
2024-10-05,0,0,
2024-10-06,0,0,
2024-10-07,0,0,
2024-10-08,0,0,
2024-10-09,0,0,
2024-10-10,0,0,
2024-10-11,0,0,
2024-10-12,0,0,
2024-10-13,0,0,
2024-10-14,0,0,
2024-10-15,0,0,
2024-10-16,0,0,
2024-10-17,0,0,
2024-10-18,0,0,
2024-10-19,0,0,
2024-10-20,0,0,
2024-10-21,0,0,
2024-10-22,0,0,
2024-10-23,0,0,
2024-10-24,0,0,
2024-10-25,0,0,
2024-10-26,0,0,
2024-10-27,0,0,
2024-10-28,0,0,
2024-10-29,0,0,
2024-10-30,0,0,
2024-10-31,0,0,
2024-11-01,0,0,
2024-11-02,0,0,
2024-11-03,0,0,
2024-11-04,0,0,
2024-11-05,0,0,
2024-11-06,0,0,
2024-11-07,0,0,
2024-11-08,0,0,
2024-11-09,0,0,
2024-11-10,0,0,
2024-11-11,0,0,
2024-11-12,0,0,
2024-11-13,0,0,
2024-11-14,0,0,
2024-11-15,0,0,
2024-11-16,0,0,
2024-11-17,0,0,
2024-11-18,0,0,
2024-11-19,0,0,
2024-11-20,0,0,
2024-11-21,0,0,
2024-11-22,0,0,
2024-11-23,0,0,
2024-11-24,0,0,
2024-11-25,0,0,
2024-11-26,0,0,
2024-11-27,0,0,
2024-11-28,0,0,
2024-11-29,0,0,
2024-11-30,0,0,
2024-12-01,0,0,
2024-12-02,0,0,
2024-12-03,0,0,
2024-12-04,0,0,
2024-12-05,0,0,
2024-12-06,0,0,
2024-12-07,0,0,
2024-12-08,0,0,
2024-12-09,0,0,
2024-12-10,0,0,
2024-12-11,0,0,
2024-12-12,0,0,
2024-12-13,0,0,
2024-12-14,0,0,
2024-12-15,0,0,
2024-12-16,0,0,
2024-12-17,0,0,
2024-12-18,0,0,
2024-12-19,0,0,
2024-12-20,0,0,
2024-12-21,0,0,
2024-12-22,0,0,
2024-12-23,0,0,
2024-12-24,0,0,
2024-12-25,0,0,
2024-12-26,0,0,
2024-12-27,0,0,
2024-12-28,0,0,
2024-12-29,0,0,
2024-12-30,0,0,
2024-12-31,0,0,
2025-01-01,0,0,
2025-01-02,0,0,
2025-01-03,0,0,
2025-01-04,0,0,
2025-01-05,0,0,
2025-01-06,0,0,
2025-01-07,0,0,
2025-01-08,0,0,
2025-01-09,0,0,
2025-01-10,0,0,
2025-01-11,0,0,
2025-01-12,0,0,
2025-01-13,0,0,
2025-01-14,0,0,
2025-01-15,0,0,
2025-01-16,0,0,
2025-01-17,0,0,
2025-01-18,0,0,
2025-01-19,0,0,
2025-01-20,0,0,
2025-01-21,0,0,
2025-01-22,0,0,
2025-01-23,0,0,
2025-01-24,0,0,
2025-01-25,0,0,
2025-01-26,0,0,
2025-01-27,0,0,
2025-01-28,0,0,
2025-01-29,0,0,
2025-01-30,0,0,
2025-01-31,0,0,
2025-02-01,0,0,
2025-02-02,0,0,
2025-02-03,0,0,
2025-02-04,0,0,
2025-02-05,0,0,
2025-02-06,0,0,
2025-02-07,0,0,
2025-02-08,0,0,
2025-02-09,0,0,
2025-02-10,0,0,
2025-02-11,0,0,
2025-02-12,0,0,
2025-02-13,0,0,
2025-02-14,0,0,
2025-02-15,0,0,
2025-02-16,0,0,
2025-02-17,0,0,
2025-02-18,0,0,
2025-02-19,0,0,
2025-02-20,0,0,
2025-02-21,0,0,
2025-02-22,0,0,
2025-02-23,0,0,
2025-02-24,0,0,
2025-02-25,0,0,
2025-02-26,0,0,
2025-02-27,0,0,
2025-02-28,0,0,
2025-03-01,0,0,
2025-03-02,0,0,
2025-03-03,23.69,2,329.88
2025-03-04,0,0,
2025-03-05,0,0,
2025-03-06,0,0,
2025-03-07,0,0,
2025-03-08,0,0,
2025-03-09,0,0,
2025-03-10,0,0,
2025-03-11,0,0,
2025-03-12,0,0,
2025-03-13,0,0,
2025-03-14,0,0,
2025-03-15,0,0,
2025-03-16,0,0,
2025-03-17,0,0,
2025-03-18,0,0,
2025-03-19,0,0,
2025-03-20,0,0,
2025-03-21,0,0,
2025-03-22,0,0,
2025-03-23,0,0,
2025-03-24,0,0,
2025-03-25,0,0,
2025-03-26,0,0,
2025-03-27,0,0,
2025-03-28,0,0,
2025-03-29,0,0,
2025-03-30,0,0,
2025-03-31,0,0,
2025-04-01,0,0,
2025-04-02,0,0,
2025-04-03,0,0,
2025-04-04,0,0,
2025-04-05,0,0,
2025-04-06,0,0,
2025-04-07,0,0,
2025-04-08,0,0,
2025-04-09,0,0,
2025-04-10,0,0,
2025-04-11,0,0,
2025-04-12,0,0,
2025-04-13,0,0,
2025-04-14,0,0,
2025-04-15,0,0,
2025-04-16,0,0,
2025-04-17,0,0,
2025-04-18,0,0,
2025-04-19,0,0,
2025-04-20,0,0,
2025-04-21,0,0,
2025-04-22,0,0,
2025-04-23,0,0,
2025-04-24,0,0,
2025-04-25,0,0,
2025-04-26,0,0,
2025-04-27,0,0,
2025-04-28,0,0,
2025-04-29,0,0,
2025-04-30,0,0,
2025-05-01,0,0,
2025-05-02,0,0,
2025-05-03,14.89,1,327.71
2025-05-04,16.34,1,327.98
2025-05-05,0,0,
2025-05-06,0,0,
2025-05-07,12.88,2,333.45
2025-05-08,0,0,
2025-05-09,0,0,
2025-05-10,0,0,
2025-05-11,0,0,
2025-05-12,0,0,
2025-05-13,0,0,
2025-05-14,0,0,
2025-05-15,0,0,
2025-05-16,0,0,
2025-05-17,0,0,
2025-05-18,0,0,
2025-05-19,0,0,
2025-05-20,0,0,
2025-05-21,0,0,
2025-05-22,0,0,
2025-05-23,0,0,
2025-05-24,0,0,
2025-05-25,0,0,
2025-05-26,0,0,
2025-05-27,0,0,
2025-05-28,0,0,
2025-05-29,0,0,
2025-05-30,0,0,
2025-05-31,0,0,
2025-06-01,0,0,
2025-06-02,0,0,
2025-06-03,0,0,
2025-06-04,0,0,
2025-06-05,0,0,
2025-06-06,0,0,
2025-06-07,0,0,
2025-06-08,0,0,
2025-06-09,0,0,
2025-06-10,0,0,
2025-06-11,0,0,
2025-06-12,0,0,
2025-06-13,0,0,
2025-06-14,0,0,
2025-06-15,0,0,
2025-06-16,0,0,
2025-06-17,0,0,
2025-06-18,0,0,
2025-06-19,0,0,
2025-06-20,0,0,
2025-06-21,0,0,
2025-06-22,0,0,
2025-06-23,0,0,
2025-06-24,0,0,
2025-06-25,0,0,
2025-06-26,0,0,
2025-06-27,0,0,
2025-06-28,0,0,
2025-06-29,0,0,
2025-06-30,0,0,
2025-07-01,0,0,
2025-07-02,0,0,
2025-07-03,0,0,
2025-07-04,0,0,
2025-07-05,0,0,
2025-07-06,0,0,
2025-07-07,0,0,
2025-07-08,0,0,
2025-07-09,0,0,
2025-07-10,0,0,
2025-07-11,0,0,
2025-07-12,0,0,
2025-07-13,0,0,
2025-07-14,0,0,
2025-07-15,0,0,
2025-07-16,0,0,
2025-07-17,0,0,
2025-07-18,0,0,
2025-07-19,0,0,
2025-07-20,0,0,
2025-07-21,0,0,
2025-07-22,0,0,
2025-07-23,0,0,
2025-07-24,0,0,
2025-07-25,0,0,
2025-07-26,0,0,
2025-07-27,0,0,
2025-07-28,0,0,
2025-07-29,0,0,
2025-07-30,0,0,
2025-07-31,0,0,
2025-08-01,0,0,
2025-08-02,0,0,
2025-08-03,0,0,
2025-08-04,0,0,
2025-08-05,0,0,
2025-08-06,0,0,
2025-08-07,0,0,
2025-08-08,0,0,
2025-08-09,0,0,
2025-08-10,0,0,
2025-08-11,0,0,
2025-08-12,0,0,
2025-08-13,0,0,
2025-08-14,0,0,
2025-08-15,0,0,
2025-08-16,0,0,
2025-08-17,0,0,
2025-08-18,0,0,
2025-08-19,0,0,
2025-08-20,0,0,
2025-08-21,0,0,
2025-08-22,0,0,
2025-08-23,0,0,
2025-08-24,0,0,
2025-08-25,0,0,
2025-08-26,0,0,
2025-08-27,0,0,
2025-08-28,0,0,
2025-08-29,0,0,
2025-08-30,0,0,
2025-08-31,0,0,
2025-09-01,0,0,
2025-09-02,0,0,
2025-09-03,0,0,
2025-09-04,0,0,
2025-09-05,0,0,
2025-09-06,0,0,
2025-09-07,0,0,
2025-09-08,0,0,
2025-09-09,0,0,
2025-09-10,0,0,
2025-09-11,0,0,
2025-09-12,0,0,
2025-09-13,0,0,
2025-09-14,0,0,
2025-09-15,0,0,
2025-09-16,0,0,
2025-09-17,0,0,
2025-09-18,0,0,
2025-09-19,0,0,
2025-09-20,0,0,
2025-09-21,0,0,
2025-09-22,0,0,
2025-09-23,0,0,
2025-09-24,0,0,
2025-09-25,0,0,
2025-09-26,0,0,
2025-09-27,0,0,
2025-09-28,0,0,
2025-09-29,0,0,
2025-09-30,0,0,
2025-10-01,0,0,
2025-10-02,0,0,
2025-10-03,0,0,
2025-10-04,0,0,
2025-10-05,0,0,
2025-10-06,0,0,
2025-10-07,0,0,
2025-10-08,0,0,
2025-10-09,0,0,
2025-10-10,0,0,
2025-10-11,0,0,
2025-10-12,0,0,
2025-10-13,0,0,
2025-10-14,0,0,
2025-10-15,0,0,
2025-10-16,0,0,
2025-10-17,0,0,
2025-10-18,0,0,
2025-10-19,0,0,
2025-10-20,0,0,
2025-10-21,0,0,
2025-10-22,0,0,
2025-10-23,0,0,
2025-10-24,0,0,
2025-10-25,0,0,
2025-10-26,0,0,
2025-10-27,0,0,
2025-10-28,0,0,
2025-10-29,0,0,
2025-10-30,0,0,
2025-10-31,0,0,
2025-11-01,0,0,
2025-11-02,0,0,
2025-11-03,0,0,
2025-11-04,0,0,
2025-11-05,0,0,
2025-11-06,0,0,
2025-11-07,0,0,
2025-11-08,0,0,
2025-11-09,0,0,
2025-11-10,0,0,
2025-11-11,0,0,
2025-11-12,0,0,
2025-11-13,0,0,
2025-11-14,0,0,
2025-11-15,0,0,
2025-11-16,0,0,
2025-11-17,0,0,
2025-11-18,0,0,
2025-11-19,0,0,
2025-11-20,0,0,
2025-11-21,0,0,
2025-11-22,0,0,
2025-11-23,0,0,
2025-11-24,0,0,
2025-11-25,0,0,
2025-11-26,0,0,
2025-11-27,0,0,
2025-11-28,0,0,
2025-11-29,0,0,
2025-11-30,0,0,
2025-12-01,0,0,
2025-12-02,0,0,
2025-12-03,0,0,
2025-12-04,0,0,
2025-12-05,0,0,
2025-12-06,0,0,
2025-12-07,0,0,
2025-12-08,0,0,
2025-12-09,0,0,
2025-12-10,0,0,
2025-12-11,0,0,
2025-12-12,0,0,
2025-12-13,0,0,
2025-12-14,0,0,
2025-12-15,0,0,
2025-12-16,0,0,
2025-12-17,0,0,
2025-12-18,0,0,
2025-12-19,0,0,
2025-12-20,0,0,
2025-12-21,0,0,
2025-12-22,0,0,
2025-12-23,0,0,
2025-12-24,0,0,
2025-12-25,0,0,
2025-12-26,0,0,
2025-12-27,0,0,
2025-12-28,0,0,
2025-12-29,0,0,
2025-12-30,0,0,
2025-12-31,0,0,
2026-01-01,0,0,
2026-01-02,0,0,
2026-01-03,0,0,
2026-01-04,0,0,
2026-01-05,0,0,
2026-01-06,0,0,
2026-01-07,0,0,
2026-01-08,0,0,
2026-01-09,0,0,
2026-01-10,0,0,
2026-01-11,0,0,
2026-01-12,0,0,
2026-01-13,0,0,
2026-01-14,0,0,
2026-01-15,0,0,
2026-01-16,0,0,
2026-01-17,0,0,
2026-01-18,0,0,
2026-01-19,0,0,
2026-01-20,0,0,
2026-01-21,0,0,
2026-01-22,0,0,
2026-01-23,0,0,
2026-01-24,0,0,
2026-01-25,0,0,
2026-01-26,0,0,
2026-01-27,0,0,
2026-01-28,0,0,
2026-01-29,0,0,
2026-01-30,0,0,
2026-01-31,0,0,
2026-02-01,0,0,
2026-02-02,0,0,
2026-02-03,0,0,
2026-02-04,0,0,
2026-02-05,0,0,
2026-02-06,0,0,
2026-02-07,0,0,
2026-02-08,0,0,
2026-02-09,0,0,
2026-02-10,0,0,
2026-02-11,0,0,
2026-02-12,0,0,
2026-02-13,0,0,
2026-02-14,0,0,
2026-02-15,0,0,
2026-02-16,0,0,
2026-02-17,0,0,
2026-02-18,0,0,
2026-02-19,0,0,
2026-02-20,0,0,
2026-02-21,0,0,
2026-02-22,0,0,
2026-02-23,0,0,
2026-02-24,0,0,
2026-02-25,0,0,
2026-02-26,0,0,
2026-02-27,0,0,
2026-02-28,0,0,
2026-03-01,0,0,
2026-03-02,0,0,
2026-03-03,0,0,
2026-03-04,0,0,
2026-03-05,0,0,
2026-03-06,0,0,
2026-03-07,0,0,
2026-03-08,0,0,
2026-03-09,0,0,
2026-03-10,0,0,
2026-03-11,0,0,
2026-03-12,0,0,
2026-03-13,0,0,
2026-03-14,0,0,
2026-03-15,0,0,
2026-03-16,0,0,
2026-03-17,30.16,4,335.41
2026-03-18,0,0,
2026-03-19,0,0,
2026-03-20,16.68,1,332.35
2026-03-21,0,0,
2026-03-22,0,0,
2026-03-23,0,0,
2026-03-24,0,0,
2026-03-25,0,0,
2026-03-26,0,0,
2026-03-27,0,0,
2026-03-28,0,0,
2026-03-29,0,0,
2026-03-30,0,0,
2026-03-31,0,0,
2026-04-01,0,0,
2026-04-02,0,0,
2026-04-03,0,0,
2026-04-04,0,0,
2026-04-05,0,0,
2026-04-06,0,0,
2026-04-07,0,0,
2026-04-08,0,0,
2026-04-09,0,0,
2026-04-10,0,0,
2026-04-11,0,0,
2026-04-12,0,0,
2026-04-13,0,0,
2026-04-14,0,0,
2026-04-15,0,0,
2026-04-16,0,0,
2026-04-17,0,0,
2026-04-18,0,0,
2026-04-19,0,0,
2026-04-20,0,0,
2026-04-21,0,0,
2026-04-22,0,0,
2026-04-23,0,0,
2026-04-24,0,0,
2026-04-25,0,0,
2026-04-26,0,0,
2026-04-27,0,0,
2026-04-28,0,0,
2026-04-29,0,0,
2026-04-30,0,0,
2026-05-01,0,0,
2026-05-02,0,0,
2026-05-03,0,0,
2026-05-04,0,0,
2026-05-05,0,0,
2026-05-06,0,0,
2026-05-07,0,0,
2026-05-08,0,0,
2026-05-09,0,0,
2026-05-10,0,0,
2026-05-11,0,0,
2026-05-12,0,0,
2026-05-13,0,0,
2026-05-14,0,0,
2026-05-15,0,0,
2026-05-16,0,0,
2026-05-17,0,0,
2026-05-18,0,0,
2026-05-19,0,0,
2026-05-20,0,0,
2026-05-21,0,0,
2026-05-22,0,0,
2026-05-23,0,0,
2026-05-24,0,0,
2026-05-25,0,0,
2026-05-26,0,0,
2026-05-27,0,0,
2026-05-28,0,0,
2026-05-29,0,0,
2026-05-30,0,0,
2026-05-31,0,0,
2026-06-01,0,0,
2026-06-02,0,0,
2026-06-03,0,0,
2026-06-04,0,0,
2026-06-05,0,0,
2026-06-06,0,0,
2026-06-07,0,0,
2026-06-08,0,0,
2026-06-09,0,0,
2026-06-10,0,0,
2026-06-11,0,0,
2026-06-12,0,0,
2026-06-13,0,0,
2026-06-14,0,0,
2026-06-15,0,0,
2026-06-16,0,0,
2026-06-17,0,0,
2026-06-18,0,0,
2026-06-19,0,0,
2026-06-20,3.07,1,314.29
2026-06-21,1.53,1,305.68
2026-06-22,14.14,2,336.39
2026-06-23,4.03,1,312.78
2026-06-24,0,0,
2026-06-25,0,0,
2026-06-26,4.32,1,325.69
2026-06-27,16.3,4,332.47
2026-06-28,10.63,1,332.52
2026-06-29,4.08,1,322.49
2026-06-30,0,0,
2026-07-01,0,0,
2026-07-02,0,0,
2026-07-03,2.65,1,309.99
2026-07-04,0,0,
2026-07-05,0,0,
2026-07-06,0,0,
2026-07-07,0,0,
2026-07-08,0,0,
2026-07-09,0,0,
2026-07-10,0,0,
2026-07-11,0,0,
2026-07-12,0,0,
2026-07-13,0,0,
2026-07-14,0,0,
2026-07-15,0,0,
2026-07-16,0,0,
2026-07-17,0,0,
2026-07-18,0,0,
2026-07-19,0,0,
2026-07-20,0,0,
2026-07-21,0,0,
2026-07-22,0,0,
2026-07-23,0,0,
2026-07-24,0,0,
2026-07-25,0,0,
2026-07-26,0,0,
2026-07-27,0,0,
2026-07-28,0,0,
2026-07-29,0,0,
2026-07-30,0,0,
2026-07-31,0,0,
2026-08-01,0,0,
2026-08-02,0,0,
2026-08-03,0,0,
2026-08-04,0,0,
2026-08-05,0,0,
2026-08-06,0,0,
2026-08-07,0,0,
2026-08-08,0,0,
2026-08-09,0,0,
2026-08-10,0,0,
2026-08-11,0,0,
2026-08-12,0,0,
2026-08-13,0,0,
2026-08-14,0,0,
2026-08-15,0,0,
2026-08-16,10.84,1,341.04
2026-08-17,28.43,2,336.28
2026-08-18,7.81,3,319.65
2026-08-19,0,0,
2026-08-20,0,0,
2026-08-21,0,0,
2026-08-22,457.8,13,367
2026-08-23,104.28,22,367
2026-08-24,32.28,3,328.24
2026-08-25,17.86,4,311.63
2026-08-26,104.46,7,367
2026-08-27,53.81,3,367
2026-08-28,68.33,6,367
2026-08-29,70.87,5,349.79
2026-08-30,71.82,6,347.7
2026-08-31,55.18,2,367
2026-09-01,86.02,10,367
2026-09-02,149.87,7,358.08
2026-09-03,94.66,6,354.98
2026-09-04,60.35,3,367
2026-09-05,756.02,205,351.08
2026-09-06,243.3,116,367
2026-09-07,326.75,34,367
2026-09-08,115.97,13,367
2026-09-09,306.92,33,367
2026-09-10,234.4,32,355.2
2026-09-11,65.97,15,336.65
